-- phpMyAdmin SQL Dump
-- version 4.9.0.1
-- https://www.phpmyadmin.net/
--
-- Host: localhost
-- Generation Time: Jun 04, 2024 at 06:45 PM
-- Server version: 10.3.16-MariaDB
-- PHP Version: 7.3.6

SET SQL_MODE = "NO_AUTO_VALUE_ON_ZERO";
SET AUTOCOMMIT = 0;
START TRANSACTION;
SET time_zone = "+00:00";


/*!40101 SET @OLD_CHARACTER_SET_CLIENT=@@CHARACTER_SET_CLIENT */;
/*!40101 SET @OLD_CHARACTER_SET_RESULTS=@@CHARACTER_SET_RESULTS */;
/*!40101 SET @OLD_COLLATION_CONNECTION=@@COLLATION_CONNECTION */;
/*!40101 SET NAMES utf8mb4 */;

--
-- Database: `databasenckh`
--

-- --------------------------------------------------------

--
-- Table structure for table `activity`
--

CREATE TABLE `activity` (
  `ID` int(11) NOT NULL,
  `ActivityName` varchar(255) DEFAULT NULL,
  `Location` varchar(255) DEFAULT NULL,
  `Time` datetime DEFAULT NULL,
  `Describe` text DEFAULT NULL,
  `CreateAt` timestamp NOT NULL DEFAULT current_timestamp(),
  `UpdateAt` timestamp NOT NULL DEFAULT current_timestamp() ON UPDATE current_timestamp()
) ENGINE=InnoDB DEFAULT CHARSET=utf8mb4;

-- --------------------------------------------------------

--
-- Table structure for table `article`
--

CREATE TABLE `article` (
  `id` int(11) NOT NULL,
  `title` varchar(255) NOT NULL,
  `content` text NOT NULL,
  `categoryId` int(11) NOT NULL,
  `userId` int(11) NOT NULL,
  `createdAt` timestamp NOT NULL DEFAULT current_timestamp(),
  `updatedAt` timestamp NOT NULL DEFAULT current_timestamp() ON UPDATE current_timestamp()
) ENGINE=InnoDB DEFAULT CHARSET=utf8mb4;

-- --------------------------------------------------------

--
-- Table structure for table `articlecategory`
--

CREATE TABLE `articlecategory` (
  `id` int(11) NOT NULL,
  `name` varchar(255) NOT NULL,
  `order` int(11) NOT NULL,
  `createdAt` timestamp NOT NULL DEFAULT current_timestamp(),
  `updatedAt` timestamp NOT NULL DEFAULT current_timestamp() ON UPDATE current_timestamp()
) ENGINE=InnoDB DEFAULT CHARSET=utf8mb4;

-- --------------------------------------------------------

--
-- Table structure for table `attendance`
--

CREATE TABLE `attendance` (
  `ID` int(11) NOT NULL,
  `AttendanceStatus` varchar(255) DEFAULT NULL,
  `Day` date DEFAULT NULL,
  `Semester` int(255) DEFAULT NULL,
  `SchoolYear` varchar(255) DEFAULT NULL,
  `IDStudent` int(11) DEFAULT NULL,
  `IDTeacher` int(11) DEFAULT NULL,
  `IDCourse` int(11) DEFAULT NULL,
  `Comment` varchar(255) DEFAULT NULL,
  `CreateAt` timestamp NOT NULL DEFAULT current_timestamp(),
  `UpdateAt` timestamp NOT NULL DEFAULT current_timestamp() ON UPDATE current_timestamp()
) ENGINE=InnoDB DEFAULT CHARSET=utf8mb4;

--
-- Dumping data for table `attendance`
--

INSERT INTO `attendance` (`ID`, `AttendanceStatus`, `Day`, `Semester`, `SchoolYear`, `IDStudent`, `IDTeacher`, `IDCourse`, `Comment`, `CreateAt`, `UpdateAt`) VALUES
(1386, '', '2023-10-06', 4, '2021-2022', 240, NULL, 156, '', '2024-06-04 15:44:01', '2024-06-04 15:44:01'),
(1387, '', '2023-10-05', 4, '2021-2022', 240, NULL, 156, '', '2024-06-04 15:44:01', '2024-06-04 15:44:01'),
(1388, '', '2023-09-29', 4, '2021-2022', 240, NULL, 156, '', '2024-06-04 15:44:01', '2024-06-04 15:44:01'),
(1389, '', '2023-09-28', 4, '2021-2022', 240, NULL, 156, '', '2024-06-04 15:44:01', '2024-06-04 15:44:01'),
(1390, '', '2023-09-22', 4, '2021-2022', 240, NULL, 156, '', '2024-06-04 15:44:01', '2024-06-04 15:44:01'),
(1391, '', '2023-09-21', 4, '2021-2022', 240, NULL, 156, '', '2024-06-04 15:44:01', '2024-06-04 15:44:01'),
(1392, '', '2023-09-15', 4, '2021-2022', 240, NULL, 156, '', '2024-06-04 15:44:01', '2024-06-04 15:44:01'),
(1393, '', '2023-09-14', 4, '2021-2022', 240, NULL, 156, '', '2024-06-04 15:44:01', '2024-06-04 15:44:01'),
(1394, '', '2023-09-08', 4, '2021-2022', 240, NULL, 156, '', '2024-06-04 15:44:01', '2024-06-04 15:44:01'),
(1395, '', '2023-09-07', 4, '2021-2022', 240, NULL, 156, '', '2024-06-04 15:44:01', '2024-06-04 15:44:01'),
(1396, '', '2023-08-31', 4, '2021-2022', 240, NULL, 156, '', '2024-06-04 15:44:01', '2024-06-04 15:44:01'),
(1397, '', '2023-08-25', 4, '2021-2022', 240, NULL, 156, '', '2024-06-04 15:44:01', '2024-06-04 15:44:01'),
(1398, '', '2023-08-24', 4, '2021-2022', 240, NULL, 156, '', '2024-06-04 15:44:01', '2024-06-04 15:44:01'),
(1399, '', '2023-08-18', 4, '2021-2022', 240, NULL, 156, '', '2024-06-04 15:44:01', '2024-06-04 15:44:01'),
(1400, '', '2023-08-17', 4, '2021-2022', 240, NULL, 156, '', '2024-06-04 15:44:01', '2024-06-04 15:44:01'),
(1401, '', '2023-10-06', 4, '2021-2022', 241, NULL, 156, '', '2024-06-04 15:44:01', '2024-06-04 15:44:01'),
(1402, '', '2023-10-05', 4, '2021-2022', 241, NULL, 156, '', '2024-06-04 15:44:01', '2024-06-04 15:44:01'),
(1403, '', '2023-09-29', 4, '2021-2022', 241, NULL, 156, '', '2024-06-04 15:44:01', '2024-06-04 15:44:01'),
(1404, '', '2023-09-28', 4, '2021-2022', 241, NULL, 156, '', '2024-06-04 15:44:01', '2024-06-04 15:44:01'),
(1405, '', '2023-09-22', 4, '2021-2022', 241, NULL, 156, '', '2024-06-04 15:44:01', '2024-06-04 15:44:01'),
(1406, '', '2023-09-21', 4, '2021-2022', 241, NULL, 156, '', '2024-06-04 15:44:01', '2024-06-04 15:44:01'),
(1407, '', '2023-09-15', 4, '2021-2022', 241, NULL, 156, '', '2024-06-04 15:44:01', '2024-06-04 15:44:01'),
(1408, '', '2023-09-14', 4, '2021-2022', 241, NULL, 156, '', '2024-06-04 15:44:01', '2024-06-04 15:44:01'),
(1409, '', '2023-09-08', 4, '2021-2022', 241, NULL, 156, '', '2024-06-04 15:44:01', '2024-06-04 15:44:01'),
(1410, '', '2023-09-07', 4, '2021-2022', 241, NULL, 156, '', '2024-06-04 15:44:01', '2024-06-04 15:44:01'),
(1411, '', '2023-08-31', 4, '2021-2022', 241, NULL, 156, '', '2024-06-04 15:44:01', '2024-06-04 15:44:01'),
(1412, '', '2023-08-25', 4, '2021-2022', 241, NULL, 156, '', '2024-06-04 15:44:01', '2024-06-04 15:44:01'),
(1413, '3', '2023-08-24', 4, '2021-2022', 241, NULL, 156, '', '2024-06-04 15:44:01', '2024-06-04 15:44:01'),
(1414, '', '2023-08-18', 4, '2021-2022', 241, NULL, 156, '', '2024-06-04 15:44:01', '2024-06-04 15:44:01'),
(1415, '', '2023-08-17', 4, '2021-2022', 241, NULL, 156, '', '2024-06-04 15:44:01', '2024-06-04 15:44:01'),
(1416, '', '2023-10-06', 4, '2021-2022', 242, NULL, 156, '', '2024-06-04 15:44:01', '2024-06-04 15:44:01'),
(1417, '', '2023-10-05', 4, '2021-2022', 242, NULL, 156, '', '2024-06-04 15:44:01', '2024-06-04 15:44:01'),
(1418, '', '2023-09-29', 4, '2021-2022', 242, NULL, 156, '', '2024-06-04 15:44:01', '2024-06-04 15:44:01'),
(1419, '', '2023-09-28', 4, '2021-2022', 242, NULL, 156, '', '2024-06-04 15:44:01', '2024-06-04 15:44:01'),
(1420, '', '2023-09-22', 4, '2021-2022', 242, NULL, 156, '', '2024-06-04 15:44:01', '2024-06-04 15:44:01'),
(1421, '', '2023-09-21', 4, '2021-2022', 242, NULL, 156, '', '2024-06-04 15:44:01', '2024-06-04 15:44:01'),
(1422, '', '2023-09-15', 4, '2021-2022', 242, NULL, 156, '', '2024-06-04 15:44:01', '2024-06-04 15:44:01'),
(1423, '', '2023-09-14', 4, '2021-2022', 242, NULL, 156, '', '2024-06-04 15:44:01', '2024-06-04 15:44:01'),
(1424, '', '2023-09-08', 4, '2021-2022', 242, NULL, 156, '', '2024-06-04 15:44:01', '2024-06-04 15:44:01'),
(1425, '', '2023-09-07', 4, '2021-2022', 242, NULL, 156, '', '2024-06-04 15:44:01', '2024-06-04 15:44:01'),
(1426, '3', '2023-08-31', 4, '2021-2022', 242, NULL, 156, '', '2024-06-04 15:44:01', '2024-06-04 15:44:01'),
(1427, '', '2023-08-25', 4, '2021-2022', 242, NULL, 156, '', '2024-06-04 15:44:01', '2024-06-04 15:44:01'),
(1428, '', '2023-08-24', 4, '2021-2022', 242, NULL, 156, '', '2024-06-04 15:44:01', '2024-06-04 15:44:01'),
(1429, '', '2023-08-18', 4, '2021-2022', 242, NULL, 156, '', '2024-06-04 15:44:01', '2024-06-04 15:44:01'),
(1430, '', '2023-08-17', 4, '2021-2022', 242, NULL, 156, '', '2024-06-04 15:44:01', '2024-06-04 15:44:01'),
(1431, '', '2023-10-06', 4, '2021-2022', 243, NULL, 156, '', '2024-06-04 15:44:01', '2024-06-04 15:44:01'),
(1432, '', '2023-10-05', 4, '2021-2022', 243, NULL, 156, '', '2024-06-04 15:44:01', '2024-06-04 15:44:01'),
(1433, '', '2023-09-29', 4, '2021-2022', 243, NULL, 156, '', '2024-06-04 15:44:01', '2024-06-04 15:44:01'),
(1434, '', '2023-09-28', 4, '2021-2022', 243, NULL, 156, '', '2024-06-04 15:44:01', '2024-06-04 15:44:01'),
(1435, '', '2023-09-22', 4, '2021-2022', 243, NULL, 156, '', '2024-06-04 15:44:01', '2024-06-04 15:44:01'),
(1436, '', '2023-09-21', 4, '2021-2022', 243, NULL, 156, '', '2024-06-04 15:44:01', '2024-06-04 15:44:01'),
(1437, '', '2023-09-15', 4, '2021-2022', 243, NULL, 156, '', '2024-06-04 15:44:01', '2024-06-04 15:44:01'),
(1438, '', '2023-09-14', 4, '2021-2022', 243, NULL, 156, '', '2024-06-04 15:44:01', '2024-06-04 15:44:01'),
(1439, '', '2023-09-08', 4, '2021-2022', 243, NULL, 156, '', '2024-06-04 15:44:01', '2024-06-04 15:44:01'),
(1440, '', '2023-09-07', 4, '2021-2022', 243, NULL, 156, '', '2024-06-04 15:44:01', '2024-06-04 15:44:01'),
(1441, '', '2023-08-31', 4, '2021-2022', 243, NULL, 156, '', '2024-06-04 15:44:01', '2024-06-04 15:44:01'),
(1442, '', '2023-08-25', 4, '2021-2022', 243, NULL, 156, '', '2024-06-04 15:44:01', '2024-06-04 15:44:01'),
(1443, '', '2023-08-24', 4, '2021-2022', 243, NULL, 156, '', '2024-06-04 15:44:01', '2024-06-04 15:44:01'),
(1444, '', '2023-08-18', 4, '2021-2022', 243, NULL, 156, '', '2024-06-04 15:44:01', '2024-06-04 15:44:01'),
(1445, '', '2023-08-17', 4, '2021-2022', 243, NULL, 156, '', '2024-06-04 15:44:01', '2024-06-04 15:44:01'),
(1446, '', '2023-10-06', 4, '2021-2022', 244, NULL, 156, '', '2024-06-04 15:44:01', '2024-06-04 15:44:01'),
(1447, '', '2023-10-05', 4, '2021-2022', 244, NULL, 156, '', '2024-06-04 15:44:01', '2024-06-04 15:44:01'),
(1448, '', '2023-09-29', 4, '2021-2022', 244, NULL, 156, '', '2024-06-04 15:44:01', '2024-06-04 15:44:01'),
(1449, '', '2023-09-28', 4, '2021-2022', 244, NULL, 156, '', '2024-06-04 15:44:01', '2024-06-04 15:44:01'),
(1450, '', '2023-09-22', 4, '2021-2022', 244, NULL, 156, '', '2024-06-04 15:44:01', '2024-06-04 15:44:01'),
(1451, '', '2023-09-21', 4, '2021-2022', 244, NULL, 156, '', '2024-06-04 15:44:01', '2024-06-04 15:44:01'),
(1452, '', '2023-09-15', 4, '2021-2022', 244, NULL, 156, '', '2024-06-04 15:44:01', '2024-06-04 15:44:01'),
(1453, '', '2023-09-14', 4, '2021-2022', 244, NULL, 156, '', '2024-06-04 15:44:01', '2024-06-04 15:44:01'),
(1454, '', '2023-09-08', 4, '2021-2022', 244, NULL, 156, '', '2024-06-04 15:44:01', '2024-06-04 15:44:01'),
(1455, '', '2023-09-07', 4, '2021-2022', 244, NULL, 156, '', '2024-06-04 15:44:01', '2024-06-04 15:44:01'),
(1456, '3', '2023-08-31', 4, '2021-2022', 244, NULL, 156, '', '2024-06-04 15:44:01', '2024-06-04 15:44:01'),
(1457, '', '2023-08-25', 4, '2021-2022', 244, NULL, 156, '', '2024-06-04 15:44:01', '2024-06-04 15:44:01'),
(1458, '3', '2023-08-24', 4, '2021-2022', 244, NULL, 156, '', '2024-06-04 15:44:01', '2024-06-04 15:44:01'),
(1459, '', '2023-08-18', 4, '2021-2022', 244, NULL, 156, '', '2024-06-04 15:44:01', '2024-06-04 15:44:01'),
(1460, '', '2023-08-17', 4, '2021-2022', 244, NULL, 156, '', '2024-06-04 15:44:01', '2024-06-04 15:44:01'),
(1461, '', '2023-10-06', 4, '2021-2022', 245, NULL, 156, '', '2024-06-04 15:44:01', '2024-06-04 15:44:01'),
(1462, '', '2023-10-05', 4, '2021-2022', 245, NULL, 156, '', '2024-06-04 15:44:01', '2024-06-04 15:44:01'),
(1463, '', '2023-09-29', 4, '2021-2022', 245, NULL, 156, '', '2024-06-04 15:44:01', '2024-06-04 15:44:01'),
(1464, '', '2023-09-28', 4, '2021-2022', 245, NULL, 156, '', '2024-06-04 15:44:01', '2024-06-04 15:44:01'),
(1465, '', '2023-09-22', 4, '2021-2022', 245, NULL, 156, '', '2024-06-04 15:44:01', '2024-06-04 15:44:01'),
(1466, '', '2023-09-21', 4, '2021-2022', 245, NULL, 156, '', '2024-06-04 15:44:01', '2024-06-04 15:44:01'),
(1467, '', '2023-09-15', 4, '2021-2022', 245, NULL, 156, '', '2024-06-04 15:44:01', '2024-06-04 15:44:01'),
(1468, '', '2023-09-14', 4, '2021-2022', 245, NULL, 156, '', '2024-06-04 15:44:01', '2024-06-04 15:44:01'),
(1469, '', '2023-09-08', 4, '2021-2022', 245, NULL, 156, '', '2024-06-04 15:44:01', '2024-06-04 15:44:01'),
(1470, '', '2023-09-07', 4, '2021-2022', 245, NULL, 156, '', '2024-06-04 15:44:01', '2024-06-04 15:44:01'),
(1471, '', '2023-08-31', 4, '2021-2022', 245, NULL, 156, '', '2024-06-04 15:44:01', '2024-06-04 15:44:01'),
(1472, '', '2023-08-25', 4, '2021-2022', 245, NULL, 156, '', '2024-06-04 15:44:01', '2024-06-04 15:44:01'),
(1473, '3', '2023-08-24', 4, '2021-2022', 245, NULL, 156, '', '2024-06-04 15:44:01', '2024-06-04 15:44:01'),
(1474, '', '2023-08-18', 4, '2021-2022', 245, NULL, 156, '', '2024-06-04 15:44:01', '2024-06-04 15:44:01'),
(1475, '', '2023-08-17', 4, '2021-2022', 245, NULL, 156, '', '2024-06-04 15:44:01', '2024-06-04 15:44:01'),
(1476, '', '2023-10-06', 4, '2021-2022', 246, NULL, 156, '', '2024-06-04 15:44:01', '2024-06-04 15:44:01'),
(1477, '', '2023-10-05', 4, '2021-2022', 246, NULL, 156, '', '2024-06-04 15:44:01', '2024-06-04 15:44:01'),
(1478, '', '2023-09-29', 4, '2021-2022', 246, NULL, 156, '', '2024-06-04 15:44:01', '2024-06-04 15:44:01'),
(1479, '', '2023-09-28', 4, '2021-2022', 246, NULL, 156, '', '2024-06-04 15:44:01', '2024-06-04 15:44:01'),
(1480, '', '2023-09-22', 4, '2021-2022', 246, NULL, 156, '', '2024-06-04 15:44:01', '2024-06-04 15:44:01'),
(1481, '', '2023-09-21', 4, '2021-2022', 246, NULL, 156, '', '2024-06-04 15:44:01', '2024-06-04 15:44:01'),
(1482, '', '2023-09-15', 4, '2021-2022', 246, NULL, 156, '', '2024-06-04 15:44:01', '2024-06-04 15:44:01'),
(1483, '', '2023-09-14', 4, '2021-2022', 246, NULL, 156, '', '2024-06-04 15:44:01', '2024-06-04 15:44:01'),
(1484, '', '2023-09-08', 4, '2021-2022', 246, NULL, 156, '', '2024-06-04 15:44:01', '2024-06-04 15:44:01'),
(1485, '', '2023-09-07', 4, '2021-2022', 246, NULL, 156, '', '2024-06-04 15:44:01', '2024-06-04 15:44:01'),
(1486, '', '2023-08-31', 4, '2021-2022', 246, NULL, 156, '', '2024-06-04 15:44:01', '2024-06-04 15:44:01'),
(1487, '', '2023-08-25', 4, '2021-2022', 246, NULL, 156, '', '2024-06-04 15:44:01', '2024-06-04 15:44:01'),
(1488, '', '2023-08-24', 4, '2021-2022', 246, NULL, 156, '', '2024-06-04 15:44:01', '2024-06-04 15:44:01'),
(1489, '', '2023-08-18', 4, '2021-2022', 246, NULL, 156, '', '2024-06-04 15:44:01', '2024-06-04 15:44:01'),
(1490, '', '2023-08-17', 4, '2021-2022', 246, NULL, 156, '', '2024-06-04 15:44:01', '2024-06-04 15:44:01'),
(1491, '', '2023-10-06', 4, '2021-2022', 247, NULL, 156, '', '2024-06-04 15:44:01', '2024-06-04 15:44:01'),
(1492, '', '2023-10-05', 4, '2021-2022', 247, NULL, 156, '', '2024-06-04 15:44:01', '2024-06-04 15:44:01'),
(1493, '', '2023-09-29', 4, '2021-2022', 247, NULL, 156, '', '2024-06-04 15:44:01', '2024-06-04 15:44:01'),
(1494, '', '2023-09-28', 4, '2021-2022', 247, NULL, 156, '', '2024-06-04 15:44:01', '2024-06-04 15:44:01'),
(1495, '', '2023-09-22', 4, '2021-2022', 247, NULL, 156, '', '2024-06-04 15:44:01', '2024-06-04 15:44:01'),
(1496, '', '2023-09-21', 4, '2021-2022', 247, NULL, 156, '', '2024-06-04 15:44:01', '2024-06-04 15:44:01'),
(1497, '', '2023-09-15', 4, '2021-2022', 247, NULL, 156, '', '2024-06-04 15:44:01', '2024-06-04 15:44:01'),
(1498, '', '2023-09-14', 4, '2021-2022', 247, NULL, 156, '', '2024-06-04 15:44:01', '2024-06-04 15:44:01'),
(1499, '', '2023-09-08', 4, '2021-2022', 247, NULL, 156, '', '2024-06-04 15:44:01', '2024-06-04 15:44:01'),
(1500, '', '2023-09-07', 4, '2021-2022', 247, NULL, 156, '', '2024-06-04 15:44:01', '2024-06-04 15:44:01'),
(1501, '', '2023-08-31', 4, '2021-2022', 247, NULL, 156, '', '2024-06-04 15:44:01', '2024-06-04 15:44:01'),
(1502, '', '2023-08-25', 4, '2021-2022', 247, NULL, 156, '', '2024-06-04 15:44:01', '2024-06-04 15:44:01'),
(1503, '', '2023-08-24', 4, '2021-2022', 247, NULL, 156, '', '2024-06-04 15:44:01', '2024-06-04 15:44:01'),
(1504, '', '2023-08-18', 4, '2021-2022', 247, NULL, 156, '', '2024-06-04 15:44:01', '2024-06-04 15:44:01'),
(1505, '', '2023-08-17', 4, '2021-2022', 247, NULL, 156, '', '2024-06-04 15:44:01', '2024-06-04 15:44:01'),
(1506, '', '2023-10-06', 4, '2021-2022', 248, NULL, 156, '', '2024-06-04 15:44:01', '2024-06-04 15:44:01'),
(1507, '', '2023-10-05', 4, '2021-2022', 248, NULL, 156, '', '2024-06-04 15:44:01', '2024-06-04 15:44:01'),
(1508, '', '2023-09-29', 4, '2021-2022', 248, NULL, 156, '', '2024-06-04 15:44:01', '2024-06-04 15:44:01'),
(1509, '', '2023-09-28', 4, '2021-2022', 248, NULL, 156, '', '2024-06-04 15:44:01', '2024-06-04 15:44:01'),
(1510, '', '2023-09-22', 4, '2021-2022', 248, NULL, 156, '', '2024-06-04 15:44:01', '2024-06-04 15:44:01'),
(1511, '', '2023-09-21', 4, '2021-2022', 248, NULL, 156, '', '2024-06-04 15:44:01', '2024-06-04 15:44:01'),
(1512, '', '2023-09-15', 4, '2021-2022', 248, NULL, 156, '', '2024-06-04 15:44:01', '2024-06-04 15:44:01'),
(1513, '', '2023-09-14', 4, '2021-2022', 248, NULL, 156, '', '2024-06-04 15:44:01', '2024-06-04 15:44:01'),
(1514, '', '2023-09-08', 4, '2021-2022', 248, NULL, 156, '', '2024-06-04 15:44:01', '2024-06-04 15:44:01'),
(1515, '', '2023-09-07', 4, '2021-2022', 248, NULL, 156, '', '2024-06-04 15:44:01', '2024-06-04 15:44:01'),
(1516, '', '2023-08-31', 4, '2021-2022', 248, NULL, 156, '', '2024-06-04 15:44:01', '2024-06-04 15:44:01'),
(1517, '', '2023-08-25', 4, '2021-2022', 248, NULL, 156, '', '2024-06-04 15:44:01', '2024-06-04 15:44:01'),
(1518, '3', '2023-08-24', 4, '2021-2022', 248, NULL, 156, '', '2024-06-04 15:44:01', '2024-06-04 15:44:01'),
(1519, '', '2023-08-18', 4, '2021-2022', 248, NULL, 156, '', '2024-06-04 15:44:01', '2024-06-04 15:44:01'),
(1520, '', '2023-08-17', 4, '2021-2022', 248, NULL, 156, '', '2024-06-04 15:44:01', '2024-06-04 15:44:01'),
(1521, '', '2023-10-06', 4, '2021-2022', 249, NULL, 156, '', '2024-06-04 15:44:01', '2024-06-04 15:44:01'),
(1522, '', '2023-10-05', 4, '2021-2022', 249, NULL, 156, '', '2024-06-04 15:44:01', '2024-06-04 15:44:01'),
(1523, '', '2023-09-29', 4, '2021-2022', 249, NULL, 156, '', '2024-06-04 15:44:01', '2024-06-04 15:44:01'),
(1524, '', '2023-09-28', 4, '2021-2022', 249, NULL, 156, '', '2024-06-04 15:44:01', '2024-06-04 15:44:01'),
(1525, '', '2023-09-22', 4, '2021-2022', 249, NULL, 156, '', '2024-06-04 15:44:01', '2024-06-04 15:44:01'),
(1526, '', '2023-09-21', 4, '2021-2022', 249, NULL, 156, '', '2024-06-04 15:44:01', '2024-06-04 15:44:01'),
(1527, '', '2023-09-15', 4, '2021-2022', 249, NULL, 156, '', '2024-06-04 15:44:01', '2024-06-04 15:44:01'),
(1528, '', '2023-09-14', 4, '2021-2022', 249, NULL, 156, '', '2024-06-04 15:44:01', '2024-06-04 15:44:01'),
(1529, '', '2023-09-08', 4, '2021-2022', 249, NULL, 156, '', '2024-06-04 15:44:01', '2024-06-04 15:44:01'),
(1530, '', '2023-09-07', 4, '2021-2022', 249, NULL, 156, '', '2024-06-04 15:44:01', '2024-06-04 15:44:01'),
(1531, '', '2023-08-31', 4, '2021-2022', 249, NULL, 156, '', '2024-06-04 15:44:01', '2024-06-04 15:44:01'),
(1532, '', '2023-08-25', 4, '2021-2022', 249, NULL, 156, '', '2024-06-04 15:44:01', '2024-06-04 15:44:01'),
(1533, '3', '2023-08-24', 4, '2021-2022', 249, NULL, 156, '', '2024-06-04 15:44:01', '2024-06-04 15:44:01'),
(1534, '', '2023-08-18', 4, '2021-2022', 249, NULL, 156, '', '2024-06-04 15:44:01', '2024-06-04 15:44:01'),
(1535, '', '2023-08-17', 4, '2021-2022', 249, NULL, 156, '', '2024-06-04 15:44:01', '2024-06-04 15:44:01'),
(1536, '', '2023-10-06', 4, '2021-2022', 250, NULL, 156, '', '2024-06-04 15:44:01', '2024-06-04 15:44:01'),
(1537, '', '2023-10-05', 4, '2021-2022', 250, NULL, 156, '', '2024-06-04 15:44:01', '2024-06-04 15:44:01'),
(1538, '', '2023-09-29', 4, '2021-2022', 250, NULL, 156, '', '2024-06-04 15:44:01', '2024-06-04 15:44:01'),
(1539, '', '2023-09-28', 4, '2021-2022', 250, NULL, 156, '', '2024-06-04 15:44:01', '2024-06-04 15:44:01'),
(1540, '', '2023-09-22', 4, '2021-2022', 250, NULL, 156, '', '2024-06-04 15:44:01', '2024-06-04 15:44:01'),
(1541, '', '2023-09-21', 4, '2021-2022', 250, NULL, 156, '', '2024-06-04 15:44:01', '2024-06-04 15:44:01'),
(1542, '', '2023-09-15', 4, '2021-2022', 250, NULL, 156, '', '2024-06-04 15:44:01', '2024-06-04 15:44:01'),
(1543, '', '2023-09-14', 4, '2021-2022', 250, NULL, 156, '', '2024-06-04 15:44:01', '2024-06-04 15:44:01'),
(1544, '', '2023-09-08', 4, '2021-2022', 250, NULL, 156, '', '2024-06-04 15:44:01', '2024-06-04 15:44:01'),
(1545, '', '2023-09-07', 4, '2021-2022', 250, NULL, 156, '', '2024-06-04 15:44:01', '2024-06-04 15:44:01'),
(1546, '', '2023-08-31', 4, '2021-2022', 250, NULL, 156, '', '2024-06-04 15:44:01', '2024-06-04 15:44:01'),
(1547, '', '2023-08-25', 4, '2021-2022', 250, NULL, 156, '', '2024-06-04 15:44:01', '2024-06-04 15:44:01'),
(1548, '', '2023-08-24', 4, '2021-2022', 250, NULL, 156, '', '2024-06-04 15:44:01', '2024-06-04 15:44:01'),
(1549, '', '2023-08-18', 4, '2021-2022', 250, NULL, 156, '', '2024-06-04 15:44:01', '2024-06-04 15:44:01'),
(1550, '', '2023-08-17', 4, '2021-2022', 250, NULL, 156, '', '2024-06-04 15:44:01', '2024-06-04 15:44:01'),
(1551, '', '2023-10-06', 4, '2021-2022', 251, NULL, 156, '', '2024-06-04 15:44:01', '2024-06-04 15:44:01'),
(1552, '', '2023-10-05', 4, '2021-2022', 251, NULL, 156, '', '2024-06-04 15:44:01', '2024-06-04 15:44:01'),
(1553, '', '2023-09-29', 4, '2021-2022', 251, NULL, 156, '', '2024-06-04 15:44:01', '2024-06-04 15:44:01'),
(1554, '', '2023-09-28', 4, '2021-2022', 251, NULL, 156, '', '2024-06-04 15:44:01', '2024-06-04 15:44:01'),
(1555, '', '2023-09-22', 4, '2021-2022', 251, NULL, 156, '', '2024-06-04 15:44:01', '2024-06-04 15:44:01'),
(1556, '', '2023-09-21', 4, '2021-2022', 251, NULL, 156, '', '2024-06-04 15:44:01', '2024-06-04 15:44:01'),
(1557, '', '2023-09-15', 4, '2021-2022', 251, NULL, 156, '', '2024-06-04 15:44:01', '2024-06-04 15:44:01'),
(1558, '', '2023-09-14', 4, '2021-2022', 251, NULL, 156, '', '2024-06-04 15:44:01', '2024-06-04 15:44:01'),
(1559, '', '2023-09-08', 4, '2021-2022', 251, NULL, 156, '', '2024-06-04 15:44:01', '2024-06-04 15:44:01'),
(1560, '', '2023-09-07', 4, '2021-2022', 251, NULL, 156, '', '2024-06-04 15:44:01', '2024-06-04 15:44:01'),
(1561, '', '2023-08-31', 4, '2021-2022', 251, NULL, 156, '', '2024-06-04 15:44:01', '2024-06-04 15:44:01'),
(1562, '', '2023-08-25', 4, '2021-2022', 251, NULL, 156, '', '2024-06-04 15:44:01', '2024-06-04 15:44:01'),
(1563, '', '2023-08-24', 4, '2021-2022', 251, NULL, 156, '', '2024-06-04 15:44:01', '2024-06-04 15:44:01'),
(1564, '', '2023-08-18', 4, '2021-2022', 251, NULL, 156, '', '2024-06-04 15:44:01', '2024-06-04 15:44:01'),
(1565, '', '2023-08-17', 4, '2021-2022', 251, NULL, 156, '', '2024-06-04 15:44:01', '2024-06-04 15:44:01'),
(1566, '3', '2023-10-06', 4, '2021-2022', 252, NULL, 156, '', '2024-06-04 15:44:01', '2024-06-04 15:44:01'),
(1567, '3', '2023-10-05', 4, '2021-2022', 252, NULL, 156, '', '2024-06-04 15:44:01', '2024-06-04 15:44:01'),
(1568, '3', '2023-09-29', 4, '2021-2022', 252, NULL, 156, '', '2024-06-04 15:44:01', '2024-06-04 15:44:01'),
(1569, '3', '2023-09-28', 4, '2021-2022', 252, NULL, 156, '', '2024-06-04 15:44:01', '2024-06-04 15:44:01'),
(1570, '3', '2023-09-22', 4, '2021-2022', 252, NULL, 156, '', '2024-06-04 15:44:01', '2024-06-04 15:44:01'),
(1571, '3', '2023-09-21', 4, '2021-2022', 252, NULL, 156, '', '2024-06-04 15:44:01', '2024-06-04 15:44:01'),
(1572, '3', '2023-09-15', 4, '2021-2022', 252, NULL, 156, '', '2024-06-04 15:44:01', '2024-06-04 15:44:01'),
(1573, '3', '2023-09-14', 4, '2021-2022', 252, NULL, 156, '', '2024-06-04 15:44:01', '2024-06-04 15:44:01'),
(1574, '', '2023-09-08', 4, '2021-2022', 252, NULL, 156, '', '2024-06-04 15:44:01', '2024-06-04 15:44:01'),
(1575, '', '2023-09-07', 4, '2021-2022', 252, NULL, 156, '', '2024-06-04 15:44:01', '2024-06-04 15:44:01'),
(1576, '', '2023-08-31', 4, '2021-2022', 252, NULL, 156, '', '2024-06-04 15:44:01', '2024-06-04 15:44:01'),
(1577, '3', '2023-08-25', 4, '2021-2022', 252, NULL, 156, '', '2024-06-04 15:44:01', '2024-06-04 15:44:01'),
(1578, '3', '2023-08-24', 4, '2021-2022', 252, NULL, 156, '', '2024-06-04 15:44:01', '2024-06-04 15:44:01'),
(1579, '3', '2023-08-18', 4, '2021-2022', 252, NULL, 156, '', '2024-06-04 15:44:01', '2024-06-04 15:44:01'),
(1580, '3', '2023-08-17', 4, '2021-2022', 252, NULL, 156, '', '2024-06-04 15:44:01', '2024-06-04 15:44:01'),
(1581, '', '2023-10-06', 4, '2021-2022', 253, NULL, 156, '', '2024-06-04 15:44:01', '2024-06-04 15:44:01'),
(1582, '', '2023-10-05', 4, '2021-2022', 253, NULL, 156, '', '2024-06-04 15:44:01', '2024-06-04 15:44:01'),
(1583, '', '2023-09-29', 4, '2021-2022', 253, NULL, 156, '', '2024-06-04 15:44:01', '2024-06-04 15:44:01'),
(1584, '', '2023-09-28', 4, '2021-2022', 253, NULL, 156, '', '2024-06-04 15:44:01', '2024-06-04 15:44:01'),
(1585, '', '2023-09-22', 4, '2021-2022', 253, NULL, 156, '', '2024-06-04 15:44:01', '2024-06-04 15:44:01'),
(1586, '', '2023-09-21', 4, '2021-2022', 253, NULL, 156, '', '2024-06-04 15:44:01', '2024-06-04 15:44:01'),
(1587, '', '2023-09-15', 4, '2021-2022', 253, NULL, 156, '', '2024-06-04 15:44:01', '2024-06-04 15:44:01'),
(1588, '', '2023-09-14', 4, '2021-2022', 253, NULL, 156, '', '2024-06-04 15:44:01', '2024-06-04 15:44:01'),
(1589, '', '2023-09-08', 4, '2021-2022', 253, NULL, 156, '', '2024-06-04 15:44:01', '2024-06-04 15:44:01'),
(1590, '', '2023-09-07', 4, '2021-2022', 253, NULL, 156, '', '2024-06-04 15:44:01', '2024-06-04 15:44:01'),
(1591, '3', '2023-08-31', 4, '2021-2022', 253, NULL, 156, '', '2024-06-04 15:44:01', '2024-06-04 15:44:01'),
(1592, '', '2023-08-25', 4, '2021-2022', 253, NULL, 156, '', '2024-06-04 15:44:01', '2024-06-04 15:44:01'),
(1593, '', '2023-08-24', 4, '2021-2022', 253, NULL, 156, '', '2024-06-04 15:44:01', '2024-06-04 15:44:01'),
(1594, '', '2023-08-18', 4, '2021-2022', 253, NULL, 156, '', '2024-06-04 15:44:01', '2024-06-04 15:44:01'),
(1595, '', '2023-08-17', 4, '2021-2022', 253, NULL, 156, '', '2024-06-04 15:44:01', '2024-06-04 15:44:01'),
(1596, '', '2023-10-06', 4, '2021-2022', 254, NULL, 156, '', '2024-06-04 15:44:01', '2024-06-04 15:44:01'),
(1597, '', '2023-10-05', 4, '2021-2022', 254, NULL, 156, '', '2024-06-04 15:44:01', '2024-06-04 15:44:01'),
(1598, '', '2023-09-29', 4, '2021-2022', 254, NULL, 156, '', '2024-06-04 15:44:01', '2024-06-04 15:44:01'),
(1599, '', '2023-09-28', 4, '2021-2022', 254, NULL, 156, '', '2024-06-04 15:44:01', '2024-06-04 15:44:01'),
(1600, '', '2023-09-22', 4, '2021-2022', 254, NULL, 156, '', '2024-06-04 15:44:01', '2024-06-04 15:44:01'),
(1601, '', '2023-09-21', 4, '2021-2022', 254, NULL, 156, '', '2024-06-04 15:44:01', '2024-06-04 15:44:01'),
(1602, '', '2023-09-15', 4, '2021-2022', 254, NULL, 156, '', '2024-06-04 15:44:01', '2024-06-04 15:44:01'),
(1603, '', '2023-09-14', 4, '2021-2022', 254, NULL, 156, '', '2024-06-04 15:44:01', '2024-06-04 15:44:01'),
(1604, '', '2023-09-08', 4, '2021-2022', 254, NULL, 156, '', '2024-06-04 15:44:01', '2024-06-04 15:44:01'),
(1605, '', '2023-09-07', 4, '2021-2022', 254, NULL, 156, '', '2024-06-04 15:44:01', '2024-06-04 15:44:01'),
(1606, '', '2023-08-31', 4, '2021-2022', 254, NULL, 156, '', '2024-06-04 15:44:01', '2024-06-04 15:44:01'),
(1607, '', '2023-08-25', 4, '2021-2022', 254, NULL, 156, '', '2024-06-04 15:44:01', '2024-06-04 15:44:01'),
(1608, '', '2023-08-24', 4, '2021-2022', 254, NULL, 156, '', '2024-06-04 15:44:01', '2024-06-04 15:44:01'),
(1609, '', '2023-08-18', 4, '2021-2022', 254, NULL, 156, '', '2024-06-04 15:44:01', '2024-06-04 15:44:01'),
(1610, '', '2023-08-17', 4, '2021-2022', 254, NULL, 156, '', '2024-06-04 15:44:01', '2024-06-04 15:44:01'),
(1611, '3', '2023-10-06', 4, '2021-2022', 255, NULL, 156, '', '2024-06-04 15:44:01', '2024-06-04 15:44:01'),
(1612, '3', '2023-10-05', 4, '2021-2022', 255, NULL, 156, '', '2024-06-04 15:44:01', '2024-06-04 15:44:01'),
(1613, '3', '2023-09-29', 4, '2021-2022', 255, NULL, 156, '', '2024-06-04 15:44:01', '2024-06-04 15:44:01'),
(1614, '3', '2023-09-28', 4, '2021-2022', 255, NULL, 156, '', '2024-06-04 15:44:01', '2024-06-04 15:44:01'),
(1615, '3', '2023-09-22', 4, '2021-2022', 255, NULL, 156, '', '2024-06-04 15:44:01', '2024-06-04 15:44:01'),
(1616, '3', '2023-09-21', 4, '2021-2022', 255, NULL, 156, '', '2024-06-04 15:44:01', '2024-06-04 15:44:01'),
(1617, '3', '2023-09-15', 4, '2021-2022', 255, NULL, 156, '', '2024-06-04 15:44:01', '2024-06-04 15:44:01'),
(1618, '3', '2023-09-14', 4, '2021-2022', 255, NULL, 156, '', '2024-06-04 15:44:01', '2024-06-04 15:44:01'),
(1619, '3', '2023-09-08', 4, '2021-2022', 255, NULL, 156, '', '2024-06-04 15:44:01', '2024-06-04 15:44:01'),
(1620, '3', '2023-09-07', 4, '2021-2022', 255, NULL, 156, '', '2024-06-04 15:44:01', '2024-06-04 15:44:01'),
(1621, '3', '2023-08-31', 4, '2021-2022', 255, NULL, 156, '', '2024-06-04 15:44:01', '2024-06-04 15:44:01'),
(1622, '3', '2023-08-25', 4, '2021-2022', 255, NULL, 156, '', '2024-06-04 15:44:01', '2024-06-04 15:44:01'),
(1623, '', '2023-08-24', 4, '2021-2022', 255, NULL, 156, '', '2024-06-04 15:44:01', '2024-06-04 15:44:01'),
(1624, '', '2023-08-18', 4, '2021-2022', 255, NULL, 156, '', '2024-06-04 15:44:01', '2024-06-04 15:44:01'),
(1625, '', '2023-08-17', 4, '2021-2022', 255, NULL, 156, '', '2024-06-04 15:44:01', '2024-06-04 15:44:01'),
(1626, '', '2023-10-06', 4, '2021-2022', 256, NULL, 156, '', '2024-06-04 15:44:01', '2024-06-04 15:44:01'),
(1627, '', '2023-10-05', 4, '2021-2022', 256, NULL, 156, '', '2024-06-04 15:44:01', '2024-06-04 15:44:01'),
(1628, '', '2023-09-29', 4, '2021-2022', 256, NULL, 156, '', '2024-06-04 15:44:01', '2024-06-04 15:44:01'),
(1629, '', '2023-09-28', 4, '2021-2022', 256, NULL, 156, '', '2024-06-04 15:44:01', '2024-06-04 15:44:01'),
(1630, '', '2023-09-22', 4, '2021-2022', 256, NULL, 156, '', '2024-06-04 15:44:01', '2024-06-04 15:44:01'),
(1631, '', '2023-09-21', 4, '2021-2022', 256, NULL, 156, '', '2024-06-04 15:44:01', '2024-06-04 15:44:01'),
(1632, '', '2023-09-15', 4, '2021-2022', 256, NULL, 156, '', '2024-06-04 15:44:01', '2024-06-04 15:44:01'),
(1633, '', '2023-09-14', 4, '2021-2022', 256, NULL, 156, '', '2024-06-04 15:44:01', '2024-06-04 15:44:01'),
(1634, '', '2023-09-08', 4, '2021-2022', 256, NULL, 156, '', '2024-06-04 15:44:01', '2024-06-04 15:44:01'),
(1635, '', '2023-09-07', 4, '2021-2022', 256, NULL, 156, '', '2024-06-04 15:44:01', '2024-06-04 15:44:01'),
(1636, '', '2023-08-31', 4, '2021-2022', 256, NULL, 156, '', '2024-06-04 15:44:01', '2024-06-04 15:44:01'),
(1637, '', '2023-08-25', 4, '2021-2022', 256, NULL, 156, '', '2024-06-04 15:44:01', '2024-06-04 15:44:01'),
(1638, '', '2023-08-24', 4, '2021-2022', 256, NULL, 156, '', '2024-06-04 15:44:01', '2024-06-04 15:44:01'),
(1639, '', '2023-08-18', 4, '2021-2022', 256, NULL, 156, '', '2024-06-04 15:44:01', '2024-06-04 15:44:01'),
(1640, '', '2023-08-17', 4, '2021-2022', 256, NULL, 156, '', '2024-06-04 15:44:01', '2024-06-04 15:44:01'),
(1641, '3', '2023-10-06', 4, '2021-2022', 257, NULL, 156, '', '2024-06-04 15:44:01', '2024-06-04 15:44:01'),
(1642, '3', '2023-10-05', 4, '2021-2022', 257, NULL, 156, '', '2024-06-04 15:44:01', '2024-06-04 15:44:01'),
(1643, '3', '2023-09-29', 4, '2021-2022', 257, NULL, 156, '', '2024-06-04 15:44:01', '2024-06-04 15:44:01'),
(1644, '3', '2023-09-28', 4, '2021-2022', 257, NULL, 156, '', '2024-06-04 15:44:01', '2024-06-04 15:44:01'),
(1645, '', '2023-09-22', 4, '2021-2022', 257, NULL, 156, '', '2024-06-04 15:44:01', '2024-06-04 15:44:01'),
(1646, '', '2023-09-21', 4, '2021-2022', 257, NULL, 156, '', '2024-06-04 15:44:01', '2024-06-04 15:44:01'),
(1647, '3', '2023-09-15', 4, '2021-2022', 257, NULL, 156, '', '2024-06-04 15:44:01', '2024-06-04 15:44:01'),
(1648, '', '2023-09-14', 4, '2021-2022', 257, NULL, 156, '', '2024-06-04 15:44:01', '2024-06-04 15:44:01'),
(1649, '3', '2023-09-08', 4, '2021-2022', 257, NULL, 156, '', '2024-06-04 15:44:01', '2024-06-04 15:44:01'),
(1650, '', '2023-09-07', 4, '2021-2022', 257, NULL, 156, '', '2024-06-04 15:44:01', '2024-06-04 15:44:01'),
(1651, '3', '2023-08-31', 4, '2021-2022', 257, NULL, 156, '', '2024-06-04 15:44:01', '2024-06-04 15:44:01'),
(1652, '', '2023-08-25', 4, '2021-2022', 257, NULL, 156, '', '2024-06-04 15:44:01', '2024-06-04 15:44:01'),
(1653, '3', '2023-08-24', 4, '2021-2022', 257, NULL, 156, '', '2024-06-04 15:44:01', '2024-06-04 15:44:01'),
(1654, '3', '2023-08-18', 4, '2021-2022', 257, NULL, 156, '', '2024-06-04 15:44:01', '2024-06-04 15:44:01'),
(1655, '', '2023-08-17', 4, '2021-2022', 257, NULL, 156, '', '2024-06-04 15:44:01', '2024-06-04 15:44:01'),
(1656, '', '2023-10-06', 4, '2021-2022', 258, NULL, 156, '', '2024-06-04 15:44:01', '2024-06-04 15:44:01'),
(1657, '', '2023-10-05', 4, '2021-2022', 258, NULL, 156, '', '2024-06-04 15:44:01', '2024-06-04 15:44:01'),
(1658, '', '2023-09-29', 4, '2021-2022', 258, NULL, 156, '', '2024-06-04 15:44:01', '2024-06-04 15:44:01'),
(1659, '', '2023-09-28', 4, '2021-2022', 258, NULL, 156, '', '2024-06-04 15:44:01', '2024-06-04 15:44:01'),
(1660, '', '2023-09-22', 4, '2021-2022', 258, NULL, 156, '', '2024-06-04 15:44:01', '2024-06-04 15:44:01'),
(1661, '', '2023-09-21', 4, '2021-2022', 258, NULL, 156, '', '2024-06-04 15:44:01', '2024-06-04 15:44:01'),
(1662, '', '2023-09-15', 4, '2021-2022', 258, NULL, 156, '', '2024-06-04 15:44:01', '2024-06-04 15:44:01'),
(1663, '', '2023-09-14', 4, '2021-2022', 258, NULL, 156, '', '2024-06-04 15:44:01', '2024-06-04 15:44:01'),
(1664, '', '2023-09-08', 4, '2021-2022', 258, NULL, 156, '', '2024-06-04 15:44:01', '2024-06-04 15:44:01'),
(1665, '', '2023-09-07', 4, '2021-2022', 258, NULL, 156, '', '2024-06-04 15:44:01', '2024-06-04 15:44:01'),
(1666, '', '2023-08-31', 4, '2021-2022', 258, NULL, 156, '', '2024-06-04 15:44:01', '2024-06-04 15:44:01'),
(1667, '', '2023-08-25', 4, '2021-2022', 258, NULL, 156, '', '2024-06-04 15:44:01', '2024-06-04 15:44:01'),
(1668, '', '2023-08-24', 4, '2021-2022', 258, NULL, 156, '', '2024-06-04 15:44:01', '2024-06-04 15:44:01'),
(1669, '', '2023-08-18', 4, '2021-2022', 258, NULL, 156, '', '2024-06-04 15:44:01', '2024-06-04 15:44:01'),
(1670, '', '2023-08-17', 4, '2021-2022', 258, NULL, 156, '', '2024-06-04 15:44:01', '2024-06-04 15:44:01'),
(1671, '', '2023-10-06', 4, '2021-2022', 259, NULL, 156, '', '2024-06-04 15:44:01', '2024-06-04 15:44:01'),
(1672, '', '2023-10-05', 4, '2021-2022', 259, NULL, 156, '', '2024-06-04 15:44:01', '2024-06-04 15:44:01'),
(1673, '', '2023-09-29', 4, '2021-2022', 259, NULL, 156, '', '2024-06-04 15:44:01', '2024-06-04 15:44:01'),
(1674, '', '2023-09-28', 4, '2021-2022', 259, NULL, 156, '', '2024-06-04 15:44:01', '2024-06-04 15:44:01'),
(1675, '', '2023-09-22', 4, '2021-2022', 259, NULL, 156, '', '2024-06-04 15:44:01', '2024-06-04 15:44:01'),
(1676, '', '2023-09-21', 4, '2021-2022', 259, NULL, 156, '', '2024-06-04 15:44:01', '2024-06-04 15:44:01'),
(1677, '', '2023-09-15', 4, '2021-2022', 259, NULL, 156, '', '2024-06-04 15:44:01', '2024-06-04 15:44:01'),
(1678, '', '2023-09-14', 4, '2021-2022', 259, NULL, 156, '', '2024-06-04 15:44:01', '2024-06-04 15:44:01'),
(1679, '', '2023-09-08', 4, '2021-2022', 259, NULL, 156, '', '2024-06-04 15:44:01', '2024-06-04 15:44:01'),
(1680, '', '2023-09-07', 4, '2021-2022', 259, NULL, 156, '', '2024-06-04 15:44:01', '2024-06-04 15:44:01'),
(1681, '', '2023-08-31', 4, '2021-2022', 259, NULL, 156, '', '2024-06-04 15:44:01', '2024-06-04 15:44:01'),
(1682, '', '2023-08-25', 4, '2021-2022', 259, NULL, 156, '', '2024-06-04 15:44:01', '2024-06-04 15:44:01'),
(1683, '', '2023-08-24', 4, '2021-2022', 259, NULL, 156, '', '2024-06-04 15:44:01', '2024-06-04 15:44:01'),
(1684, '', '2023-08-18', 4, '2021-2022', 259, NULL, 156, '', '2024-06-04 15:44:01', '2024-06-04 15:44:01'),
(1685, '', '2023-08-17', 4, '2021-2022', 259, NULL, 156, '', '2024-06-04 15:44:01', '2024-06-04 15:44:01'),
(1686, '', '2023-10-06', 4, '2021-2022', 260, NULL, 156, '', '2024-06-04 15:44:01', '2024-06-04 15:44:01'),
(1687, '', '2023-10-05', 4, '2021-2022', 260, NULL, 156, '', '2024-06-04 15:44:01', '2024-06-04 15:44:01'),
(1688, '', '2023-09-29', 4, '2021-2022', 260, NULL, 156, '', '2024-06-04 15:44:01', '2024-06-04 15:44:01'),
(1689, '', '2023-09-28', 4, '2021-2022', 260, NULL, 156, '', '2024-06-04 15:44:01', '2024-06-04 15:44:01'),
(1690, '', '2023-09-22', 4, '2021-2022', 260, NULL, 156, '', '2024-06-04 15:44:01', '2024-06-04 15:44:01'),
(1691, '', '2023-09-21', 4, '2021-2022', 260, NULL, 156, '', '2024-06-04 15:44:01', '2024-06-04 15:44:01'),
(1692, '', '2023-09-15', 4, '2021-2022', 260, NULL, 156, '', '2024-06-04 15:44:01', '2024-06-04 15:44:01'),
(1693, '', '2023-09-14', 4, '2021-2022', 260, NULL, 156, '', '2024-06-04 15:44:01', '2024-06-04 15:44:01'),
(1694, '', '2023-09-08', 4, '2021-2022', 260, NULL, 156, '', '2024-06-04 15:44:01', '2024-06-04 15:44:01'),
(1695, '', '2023-09-07', 4, '2021-2022', 260, NULL, 156, '', '2024-06-04 15:44:01', '2024-06-04 15:44:01'),
(1696, '', '2023-08-31', 4, '2021-2022', 260, NULL, 156, '', '2024-06-04 15:44:01', '2024-06-04 15:44:01'),
(1697, '', '2023-08-25', 4, '2021-2022', 260, NULL, 156, '', '2024-06-04 15:44:01', '2024-06-04 15:44:01'),
(1698, '', '2023-08-24', 4, '2021-2022', 260, NULL, 156, '', '2024-06-04 15:44:01', '2024-06-04 15:44:01'),
(1699, '', '2023-08-18', 4, '2021-2022', 260, NULL, 156, '', '2024-06-04 15:44:01', '2024-06-04 15:44:01'),
(1700, '', '2023-08-17', 4, '2021-2022', 260, NULL, 156, '', '2024-06-04 15:44:01', '2024-06-04 15:44:01'),
(1701, '', '2023-10-06', 4, '2021-2022', 261, NULL, 156, '', '2024-06-04 15:44:01', '2024-06-04 15:44:01'),
(1702, '', '2023-10-05', 4, '2021-2022', 261, NULL, 156, '', '2024-06-04 15:44:01', '2024-06-04 15:44:01'),
(1703, '', '2023-09-29', 4, '2021-2022', 261, NULL, 156, '', '2024-06-04 15:44:01', '2024-06-04 15:44:01'),
(1704, '', '2023-09-28', 4, '2021-2022', 261, NULL, 156, '', '2024-06-04 15:44:01', '2024-06-04 15:44:01'),
(1705, '', '2023-09-22', 4, '2021-2022', 261, NULL, 156, '', '2024-06-04 15:44:01', '2024-06-04 15:44:01'),
(1706, '', '2023-09-21', 4, '2021-2022', 261, NULL, 156, '', '2024-06-04 15:44:01', '2024-06-04 15:44:01'),
(1707, '', '2023-09-15', 4, '2021-2022', 261, NULL, 156, '', '2024-06-04 15:44:01', '2024-06-04 15:44:01'),
(1708, '', '2023-09-14', 4, '2021-2022', 261, NULL, 156, '', '2024-06-04 15:44:01', '2024-06-04 15:44:01'),
(1709, '', '2023-09-08', 4, '2021-2022', 261, NULL, 156, '', '2024-06-04 15:44:01', '2024-06-04 15:44:01'),
(1710, '', '2023-09-07', 4, '2021-2022', 261, NULL, 156, '', '2024-06-04 15:44:01', '2024-06-04 15:44:01'),
(1711, '3', '2023-08-31', 4, '2021-2022', 261, NULL, 156, '', '2024-06-04 15:44:01', '2024-06-04 15:44:01'),
(1712, '', '2023-08-25', 4, '2021-2022', 261, NULL, 156, '', '2024-06-04 15:44:01', '2024-06-04 15:44:01'),
(1713, '', '2023-08-24', 4, '2021-2022', 261, NULL, 156, '', '2024-06-04 15:44:01', '2024-06-04 15:44:01'),
(1714, '', '2023-08-18', 4, '2021-2022', 261, NULL, 156, '', '2024-06-04 15:44:01', '2024-06-04 15:44:01'),
(1715, '', '2023-08-17', 4, '2021-2022', 261, NULL, 156, '', '2024-06-04 15:44:01', '2024-06-04 15:44:01'),
(1716, '', '2023-10-06', 4, '2021-2022', 262, NULL, 156, '', '2024-06-04 15:44:01', '2024-06-04 15:44:01'),
(1717, '', '2023-10-05', 4, '2021-2022', 262, NULL, 156, '', '2024-06-04 15:44:01', '2024-06-04 15:44:01'),
(1718, '', '2023-09-29', 4, '2021-2022', 262, NULL, 156, '', '2024-06-04 15:44:01', '2024-06-04 15:44:01'),
(1719, '', '2023-09-28', 4, '2021-2022', 262, NULL, 156, '', '2024-06-04 15:44:01', '2024-06-04 15:44:01'),
(1720, '', '2023-09-22', 4, '2021-2022', 262, NULL, 156, '', '2024-06-04 15:44:01', '2024-06-04 15:44:01'),
(1721, '', '2023-09-21', 4, '2021-2022', 262, NULL, 156, '', '2024-06-04 15:44:01', '2024-06-04 15:44:01'),
(1722, '', '2023-09-15', 4, '2021-2022', 262, NULL, 156, '', '2024-06-04 15:44:01', '2024-06-04 15:44:01'),
(1723, '', '2023-09-14', 4, '2021-2022', 262, NULL, 156, '', '2024-06-04 15:44:01', '2024-06-04 15:44:01'),
(1724, '', '2023-09-08', 4, '2021-2022', 262, NULL, 156, '', '2024-06-04 15:44:01', '2024-06-04 15:44:01'),
(1725, '', '2023-09-07', 4, '2021-2022', 262, NULL, 156, '', '2024-06-04 15:44:01', '2024-06-04 15:44:01'),
(1726, '3', '2023-08-31', 4, '2021-2022', 262, NULL, 156, '', '2024-06-04 15:44:01', '2024-06-04 15:44:01'),
(1727, '', '2023-08-25', 4, '2021-2022', 262, NULL, 156, '', '2024-06-04 15:44:01', '2024-06-04 15:44:01'),
(1728, '', '2023-08-24', 4, '2021-2022', 262, NULL, 156, '', '2024-06-04 15:44:01', '2024-06-04 15:44:01'),
(1729, '', '2023-08-18', 4, '2021-2022', 262, NULL, 156, '', '2024-06-04 15:44:01', '2024-06-04 15:44:01'),
(1730, '', '2023-08-17', 4, '2021-2022', 262, NULL, 156, '', '2024-06-04 15:44:01', '2024-06-04 15:44:01'),
(1731, '', '2023-10-06', 4, '2021-2022', 263, NULL, 156, '', '2024-06-04 15:44:01', '2024-06-04 15:44:01'),
(1732, '', '2023-10-05', 4, '2021-2022', 263, NULL, 156, '', '2024-06-04 15:44:01', '2024-06-04 15:44:01'),
(1733, '', '2023-09-29', 4, '2021-2022', 263, NULL, 156, '', '2024-06-04 15:44:01', '2024-06-04 15:44:01'),
(1734, '', '2023-09-28', 4, '2021-2022', 263, NULL, 156, '', '2024-06-04 15:44:01', '2024-06-04 15:44:01'),
(1735, '', '2023-09-22', 4, '2021-2022', 263, NULL, 156, '', '2024-06-04 15:44:01', '2024-06-04 15:44:01'),
(1736, '', '2023-09-21', 4, '2021-2022', 263, NULL, 156, '', '2024-06-04 15:44:01', '2024-06-04 15:44:01'),
(1737, '', '2023-09-15', 4, '2021-2022', 263, NULL, 156, '', '2024-06-04 15:44:01', '2024-06-04 15:44:01'),
(1738, '', '2023-09-14', 4, '2021-2022', 263, NULL, 156, '', '2024-06-04 15:44:01', '2024-06-04 15:44:01'),
(1739, '', '2023-09-08', 4, '2021-2022', 263, NULL, 156, '', '2024-06-04 15:44:01', '2024-06-04 15:44:01'),
(1740, '', '2023-09-07', 4, '2021-2022', 263, NULL, 156, '', '2024-06-04 15:44:01', '2024-06-04 15:44:01'),
(1741, '', '2023-08-31', 4, '2021-2022', 263, NULL, 156, '', '2024-06-04 15:44:01', '2024-06-04 15:44:01'),
(1742, '', '2023-08-25', 4, '2021-2022', 263, NULL, 156, '', '2024-06-04 15:44:01', '2024-06-04 15:44:01'),
(1743, '', '2023-08-24', 4, '2021-2022', 263, NULL, 156, '', '2024-06-04 15:44:01', '2024-06-04 15:44:01'),
(1744, '', '2023-08-18', 4, '2021-2022', 263, NULL, 156, '', '2024-06-04 15:44:01', '2024-06-04 15:44:01'),
(1745, '', '2023-08-17', 4, '2021-2022', 263, NULL, 156, '', '2024-06-04 15:44:01', '2024-06-04 15:44:01'),
(1746, '', '2023-10-06', 4, '2021-2022', 264, NULL, 156, '', '2024-06-04 15:44:01', '2024-06-04 15:44:01'),
(1747, '', '2023-10-05', 4, '2021-2022', 264, NULL, 156, '', '2024-06-04 15:44:01', '2024-06-04 15:44:01'),
(1748, '', '2023-09-29', 4, '2021-2022', 264, NULL, 156, '', '2024-06-04 15:44:01', '2024-06-04 15:44:01'),
(1749, '', '2023-09-28', 4, '2021-2022', 264, NULL, 156, '', '2024-06-04 15:44:01', '2024-06-04 15:44:01'),
(1750, '', '2023-09-22', 4, '2021-2022', 264, NULL, 156, '', '2024-06-04 15:44:01', '2024-06-04 15:44:01'),
(1751, '', '2023-09-21', 4, '2021-2022', 264, NULL, 156, '', '2024-06-04 15:44:01', '2024-06-04 15:44:01'),
(1752, '', '2023-09-15', 4, '2021-2022', 264, NULL, 156, '', '2024-06-04 15:44:01', '2024-06-04 15:44:01'),
(1753, '', '2023-09-14', 4, '2021-2022', 264, NULL, 156, '', '2024-06-04 15:44:01', '2024-06-04 15:44:01'),
(1754, '', '2023-09-08', 4, '2021-2022', 264, NULL, 156, '', '2024-06-04 15:44:01', '2024-06-04 15:44:01'),
(1755, '', '2023-09-07', 4, '2021-2022', 264, NULL, 156, '', '2024-06-04 15:44:01', '2024-06-04 15:44:01'),
(1756, '', '2023-08-31', 4, '2021-2022', 264, NULL, 156, '', '2024-06-04 15:44:01', '2024-06-04 15:44:01'),
(1757, '', '2023-08-25', 4, '2021-2022', 264, NULL, 156, '', '2024-06-04 15:44:01', '2024-06-04 15:44:01'),
(1758, '', '2023-08-24', 4, '2021-2022', 264, NULL, 156, '', '2024-06-04 15:44:01', '2024-06-04 15:44:01'),
(1759, '', '2023-08-18', 4, '2021-2022', 264, NULL, 156, '', '2024-06-04 15:44:01', '2024-06-04 15:44:01'),
(1760, '', '2023-08-17', 4, '2021-2022', 264, NULL, 156, '', '2024-06-04 15:44:01', '2024-06-04 15:44:01'),
(1761, '', '2023-10-06', 4, '2021-2022', 265, NULL, 156, '', '2024-06-04 15:44:01', '2024-06-04 15:44:01'),
(1762, '', '2023-10-05', 4, '2021-2022', 265, NULL, 156, '', '2024-06-04 15:44:01', '2024-06-04 15:44:01'),
(1763, '', '2023-09-29', 4, '2021-2022', 265, NULL, 156, '', '2024-06-04 15:44:01', '2024-06-04 15:44:01'),
(1764, '', '2023-09-28', 4, '2021-2022', 265, NULL, 156, '', '2024-06-04 15:44:01', '2024-06-04 15:44:01'),
(1765, '', '2023-09-22', 4, '2021-2022', 265, NULL, 156, '', '2024-06-04 15:44:01', '2024-06-04 15:44:01'),
(1766, '', '2023-09-21', 4, '2021-2022', 265, NULL, 156, '', '2024-06-04 15:44:01', '2024-06-04 15:44:01'),
(1767, '', '2023-09-15', 4, '2021-2022', 265, NULL, 156, '', '2024-06-04 15:44:01', '2024-06-04 15:44:01'),
(1768, '', '2023-09-14', 4, '2021-2022', 265, NULL, 156, '', '2024-06-04 15:44:01', '2024-06-04 15:44:01'),
(1769, '', '2023-09-08', 4, '2021-2022', 265, NULL, 156, '', '2024-06-04 15:44:01', '2024-06-04 15:44:01'),
(1770, '', '2023-09-07', 4, '2021-2022', 265, NULL, 156, '', '2024-06-04 15:44:01', '2024-06-04 15:44:01'),
(1771, '', '2023-08-31', 4, '2021-2022', 265, NULL, 156, '', '2024-06-04 15:44:01', '2024-06-04 15:44:01'),
(1772, '', '2023-08-25', 4, '2021-2022', 265, NULL, 156, '', '2024-06-04 15:44:01', '2024-06-04 15:44:01'),
(1773, '', '2023-08-24', 4, '2021-2022', 265, NULL, 156, '', '2024-06-04 15:44:01', '2024-06-04 15:44:01'),
(1774, '', '2023-08-18', 4, '2021-2022', 265, NULL, 156, '', '2024-06-04 15:44:01', '2024-06-04 15:44:01'),
(1775, '', '2023-08-17', 4, '2021-2022', 265, NULL, 156, '', '2024-06-04 15:44:01', '2024-06-04 15:44:01'),
(1776, '', '2023-10-06', 4, '2021-2022', 266, NULL, 156, '', '2024-06-04 15:44:01', '2024-06-04 15:44:01'),
(1777, '', '2023-10-05', 4, '2021-2022', 266, NULL, 156, '', '2024-06-04 15:44:01', '2024-06-04 15:44:01'),
(1778, '', '2023-09-29', 4, '2021-2022', 266, NULL, 156, '', '2024-06-04 15:44:01', '2024-06-04 15:44:01'),
(1779, '', '2023-09-28', 4, '2021-2022', 266, NULL, 156, '', '2024-06-04 15:44:01', '2024-06-04 15:44:01'),
(1780, '', '2023-09-22', 4, '2021-2022', 266, NULL, 156, '', '2024-06-04 15:44:01', '2024-06-04 15:44:01'),
(1781, '', '2023-09-21', 4, '2021-2022', 266, NULL, 156, '', '2024-06-04 15:44:01', '2024-06-04 15:44:01'),
(1782, '', '2023-09-15', 4, '2021-2022', 266, NULL, 156, '', '2024-06-04 15:44:01', '2024-06-04 15:44:01'),
(1783, '', '2023-09-14', 4, '2021-2022', 266, NULL, 156, '', '2024-06-04 15:44:01', '2024-06-04 15:44:01'),
(1784, '', '2023-09-08', 4, '2021-2022', 266, NULL, 156, '', '2024-06-04 15:44:01', '2024-06-04 15:44:01'),
(1785, '', '2023-09-07', 4, '2021-2022', 266, NULL, 156, '', '2024-06-04 15:44:01', '2024-06-04 15:44:01'),
(1786, '', '2023-08-31', 4, '2021-2022', 266, NULL, 156, '', '2024-06-04 15:44:01', '2024-06-04 15:44:01'),
(1787, '', '2023-08-25', 4, '2021-2022', 266, NULL, 156, '', '2024-06-04 15:44:01', '2024-06-04 15:44:01'),
(1788, '', '2023-08-24', 4, '2021-2022', 266, NULL, 156, '', '2024-06-04 15:44:01', '2024-06-04 15:44:01'),
(1789, '', '2023-08-18', 4, '2021-2022', 266, NULL, 156, '', '2024-06-04 15:44:01', '2024-06-04 15:44:01'),
(1790, '', '2023-08-17', 4, '2021-2022', 266, NULL, 156, '', '2024-06-04 15:44:01', '2024-06-04 15:44:01'),
(1791, '', '2023-10-06', 4, '2021-2022', 267, NULL, 156, '', '2024-06-04 15:44:01', '2024-06-04 15:44:01'),
(1792, '', '2023-10-05', 4, '2021-2022', 267, NULL, 156, '', '2024-06-04 15:44:01', '2024-06-04 15:44:01'),
(1793, '', '2023-09-29', 4, '2021-2022', 267, NULL, 156, '', '2024-06-04 15:44:01', '2024-06-04 15:44:01'),
(1794, '', '2023-09-28', 4, '2021-2022', 267, NULL, 156, '', '2024-06-04 15:44:01', '2024-06-04 15:44:01'),
(1795, '', '2023-09-22', 4, '2021-2022', 267, NULL, 156, '', '2024-06-04 15:44:01', '2024-06-04 15:44:01'),
(1796, '', '2023-09-21', 4, '2021-2022', 267, NULL, 156, '', '2024-06-04 15:44:01', '2024-06-04 15:44:01'),
(1797, '', '2023-09-15', 4, '2021-2022', 267, NULL, 156, '', '2024-06-04 15:44:01', '2024-06-04 15:44:01'),
(1798, '', '2023-09-14', 4, '2021-2022', 267, NULL, 156, '', '2024-06-04 15:44:01', '2024-06-04 15:44:01'),
(1799, '', '2023-09-08', 4, '2021-2022', 267, NULL, 156, '', '2024-06-04 15:44:01', '2024-06-04 15:44:01'),
(1800, '', '2023-09-07', 4, '2021-2022', 267, NULL, 156, '', '2024-06-04 15:44:01', '2024-06-04 15:44:01'),
(1801, '', '2023-08-31', 4, '2021-2022', 267, NULL, 156, '', '2024-06-04 15:44:01', '2024-06-04 15:44:01'),
(1802, '', '2023-08-25', 4, '2021-2022', 267, NULL, 156, '', '2024-06-04 15:44:01', '2024-06-04 15:44:01'),
(1803, '', '2023-08-24', 4, '2021-2022', 267, NULL, 156, '', '2024-06-04 15:44:01', '2024-06-04 15:44:01'),
(1804, '', '2023-08-18', 4, '2021-2022', 267, NULL, 156, '', '2024-06-04 15:44:01', '2024-06-04 15:44:01'),
(1805, '', '2023-08-17', 4, '2021-2022', 267, NULL, 156, '', '2024-06-04 15:44:01', '2024-06-04 15:44:01'),
(1806, '3', '2023-10-06', 4, '2021-2022', 268, NULL, 156, '', '2024-06-04 15:44:01', '2024-06-04 15:44:01'),
(1807, '3', '2023-10-05', 4, '2021-2022', 268, NULL, 156, '', '2024-06-04 15:44:01', '2024-06-04 15:44:01'),
(1808, '3', '2023-09-29', 4, '2021-2022', 268, NULL, 156, '', '2024-06-04 15:44:01', '2024-06-04 15:44:01'),
(1809, '3', '2023-09-28', 4, '2021-2022', 268, NULL, 156, '', '2024-06-04 15:44:01', '2024-06-04 15:44:01'),
(1810, '3', '2023-09-22', 4, '2021-2022', 268, NULL, 156, '', '2024-06-04 15:44:01', '2024-06-04 15:44:01'),
(1811, '3', '2023-09-21', 4, '2021-2022', 268, NULL, 156, '', '2024-06-04 15:44:01', '2024-06-04 15:44:01'),
(1812, '3', '2023-09-15', 4, '2021-2022', 268, NULL, 156, '', '2024-06-04 15:44:01', '2024-06-04 15:44:01'),
(1813, '3', '2023-09-14', 4, '2021-2022', 268, NULL, 156, '', '2024-06-04 15:44:01', '2024-06-04 15:44:01'),
(1814, '3', '2023-09-08', 4, '2021-2022', 268, NULL, 156, '', '2024-06-04 15:44:01', '2024-06-04 15:44:01'),
(1815, '3', '2023-09-07', 4, '2021-2022', 268, NULL, 156, '', '2024-06-04 15:44:01', '2024-06-04 15:44:01'),
(1816, '3', '2023-08-31', 4, '2021-2022', 268, NULL, 156, '', '2024-06-04 15:44:01', '2024-06-04 15:44:01'),
(1817, '3', '2023-08-25', 4, '2021-2022', 268, NULL, 156, '', '2024-06-04 15:44:01', '2024-06-04 15:44:01'),
(1818, '3', '2023-08-24', 4, '2021-2022', 268, NULL, 156, '', '2024-06-04 15:44:01', '2024-06-04 15:44:01'),
(1819, '3', '2023-08-18', 4, '2021-2022', 268, NULL, 156, '', '2024-06-04 15:44:01', '2024-06-04 15:44:01'),
(1820, '3', '2023-08-17', 4, '2021-2022', 268, NULL, 156, '', '2024-06-04 15:44:01', '2024-06-04 15:44:01'),
(1821, '', '2023-10-06', 4, '2021-2022', 269, NULL, 156, '', '2024-06-04 15:44:01', '2024-06-04 15:44:01'),
(1822, '', '2023-10-05', 4, '2021-2022', 269, NULL, 156, '', '2024-06-04 15:44:01', '2024-06-04 15:44:01'),
(1823, '', '2023-09-29', 4, '2021-2022', 269, NULL, 156, '', '2024-06-04 15:44:01', '2024-06-04 15:44:01'),
(1824, '', '2023-09-28', 4, '2021-2022', 269, NULL, 156, '', '2024-06-04 15:44:01', '2024-06-04 15:44:01'),
(1825, '', '2023-09-22', 4, '2021-2022', 269, NULL, 156, '', '2024-06-04 15:44:01', '2024-06-04 15:44:01'),
(1826, '', '2023-09-21', 4, '2021-2022', 269, NULL, 156, '', '2024-06-04 15:44:01', '2024-06-04 15:44:01'),
(1827, '', '2023-09-15', 4, '2021-2022', 269, NULL, 156, '', '2024-06-04 15:44:01', '2024-06-04 15:44:01'),
(1828, '', '2023-09-14', 4, '2021-2022', 269, NULL, 156, '', '2024-06-04 15:44:01', '2024-06-04 15:44:01'),
(1829, '', '2023-09-08', 4, '2021-2022', 269, NULL, 156, '', '2024-06-04 15:44:01', '2024-06-04 15:44:01'),
(1830, '', '2023-09-07', 4, '2021-2022', 269, NULL, 156, '', '2024-06-04 15:44:01', '2024-06-04 15:44:01'),
(1831, '', '2023-08-31', 4, '2021-2022', 269, NULL, 156, '', '2024-06-04 15:44:01', '2024-06-04 15:44:01'),
(1832, '', '2023-08-25', 4, '2021-2022', 269, NULL, 156, '', '2024-06-04 15:44:01', '2024-06-04 15:44:01'),
(1833, '', '2023-08-24', 4, '2021-2022', 269, NULL, 156, '', '2024-06-04 15:44:01', '2024-06-04 15:44:01'),
(1834, '', '2023-08-18', 4, '2021-2022', 269, NULL, 156, '', '2024-06-04 15:44:01', '2024-06-04 15:44:01'),
(1835, '', '2023-08-17', 4, '2021-2022', 269, NULL, 156, '', '2024-06-04 15:44:01', '2024-06-04 15:44:01'),
(1836, '', '2023-10-06', 4, '2021-2022', 270, NULL, 156, '', '2024-06-04 15:44:01', '2024-06-04 15:44:01'),
(1837, '', '2023-10-05', 4, '2021-2022', 270, NULL, 156, '', '2024-06-04 15:44:01', '2024-06-04 15:44:01'),
(1838, '', '2023-09-29', 4, '2021-2022', 270, NULL, 156, '', '2024-06-04 15:44:01', '2024-06-04 15:44:01'),
(1839, '', '2023-09-28', 4, '2021-2022', 270, NULL, 156, '', '2024-06-04 15:44:01', '2024-06-04 15:44:01'),
(1840, '', '2023-09-22', 4, '2021-2022', 270, NULL, 156, '', '2024-06-04 15:44:01', '2024-06-04 15:44:01'),
(1841, '', '2023-09-21', 4, '2021-2022', 270, NULL, 156, '', '2024-06-04 15:44:01', '2024-06-04 15:44:01'),
(1842, '', '2023-09-15', 4, '2021-2022', 270, NULL, 156, '', '2024-06-04 15:44:01', '2024-06-04 15:44:01'),
(1843, '', '2023-09-14', 4, '2021-2022', 270, NULL, 156, '', '2024-06-04 15:44:01', '2024-06-04 15:44:01'),
(1844, '', '2023-09-08', 4, '2021-2022', 270, NULL, 156, '', '2024-06-04 15:44:01', '2024-06-04 15:44:01'),
(1845, '', '2023-09-07', 4, '2021-2022', 270, NULL, 156, '', '2024-06-04 15:44:01', '2024-06-04 15:44:01'),
(1846, '', '2023-08-31', 4, '2021-2022', 270, NULL, 156, '', '2024-06-04 15:44:01', '2024-06-04 15:44:01'),
(1847, '', '2023-08-25', 4, '2021-2022', 270, NULL, 156, '', '2024-06-04 15:44:01', '2024-06-04 15:44:01'),
(1848, '', '2023-08-24', 4, '2021-2022', 270, NULL, 156, '', '2024-06-04 15:44:01', '2024-06-04 15:44:01'),
(1849, '', '2023-08-18', 4, '2021-2022', 270, NULL, 156, '', '2024-06-04 15:44:01', '2024-06-04 15:44:01'),
(1850, '', '2023-08-17', 4, '2021-2022', 270, NULL, 156, '', '2024-06-04 15:44:01', '2024-06-04 15:44:01'),
(1851, '', '2023-10-06', 4, '2021-2022', 271, NULL, 156, '', '2024-06-04 15:44:01', '2024-06-04 15:44:01'),
(1852, '', '2023-10-05', 4, '2021-2022', 271, NULL, 156, '', '2024-06-04 15:44:01', '2024-06-04 15:44:01'),
(1853, '', '2023-09-29', 4, '2021-2022', 271, NULL, 156, '', '2024-06-04 15:44:01', '2024-06-04 15:44:01'),
(1854, '', '2023-09-28', 4, '2021-2022', 271, NULL, 156, '', '2024-06-04 15:44:01', '2024-06-04 15:44:01');
INSERT INTO `attendance` (`ID`, `AttendanceStatus`, `Day`, `Semester`, `SchoolYear`, `IDStudent`, `IDTeacher`, `IDCourse`, `Comment`, `CreateAt`, `UpdateAt`) VALUES
(1855, '', '2023-09-22', 4, '2021-2022', 271, NULL, 156, '', '2024-06-04 15:44:01', '2024-06-04 15:44:01'),
(1856, '', '2023-09-21', 4, '2021-2022', 271, NULL, 156, '', '2024-06-04 15:44:01', '2024-06-04 15:44:01'),
(1857, '', '2023-09-15', 4, '2021-2022', 271, NULL, 156, '', '2024-06-04 15:44:01', '2024-06-04 15:44:01'),
(1858, '', '2023-09-14', 4, '2021-2022', 271, NULL, 156, '', '2024-06-04 15:44:01', '2024-06-04 15:44:01'),
(1859, '', '2023-09-08', 4, '2021-2022', 271, NULL, 156, '', '2024-06-04 15:44:01', '2024-06-04 15:44:01'),
(1860, '', '2023-09-07', 4, '2021-2022', 271, NULL, 156, '', '2024-06-04 15:44:01', '2024-06-04 15:44:01'),
(1861, '', '2023-08-31', 4, '2021-2022', 271, NULL, 156, '', '2024-06-04 15:44:01', '2024-06-04 15:44:01'),
(1862, '', '2023-08-25', 4, '2021-2022', 271, NULL, 156, '', '2024-06-04 15:44:01', '2024-06-04 15:44:01'),
(1863, '', '2023-08-24', 4, '2021-2022', 271, NULL, 156, '', '2024-06-04 15:44:01', '2024-06-04 15:44:01'),
(1864, '', '2023-08-18', 4, '2021-2022', 271, NULL, 156, '', '2024-06-04 15:44:01', '2024-06-04 15:44:01'),
(1865, '', '2023-08-17', 4, '2021-2022', 271, NULL, 156, '', '2024-06-04 15:44:01', '2024-06-04 15:44:01'),
(1866, '', '2023-10-06', 4, '2021-2022', 272, NULL, 156, '', '2024-06-04 15:44:01', '2024-06-04 15:44:01'),
(1867, '', '2023-10-05', 4, '2021-2022', 272, NULL, 156, '', '2024-06-04 15:44:01', '2024-06-04 15:44:01'),
(1868, '', '2023-09-29', 4, '2021-2022', 272, NULL, 156, '', '2024-06-04 15:44:01', '2024-06-04 15:44:01'),
(1869, '', '2023-09-28', 4, '2021-2022', 272, NULL, 156, '', '2024-06-04 15:44:01', '2024-06-04 15:44:01'),
(1870, '', '2023-09-22', 4, '2021-2022', 272, NULL, 156, '', '2024-06-04 15:44:01', '2024-06-04 15:44:01'),
(1871, '', '2023-09-21', 4, '2021-2022', 272, NULL, 156, '', '2024-06-04 15:44:01', '2024-06-04 15:44:01'),
(1872, '', '2023-09-15', 4, '2021-2022', 272, NULL, 156, '', '2024-06-04 15:44:01', '2024-06-04 15:44:01'),
(1873, '', '2023-09-14', 4, '2021-2022', 272, NULL, 156, '', '2024-06-04 15:44:01', '2024-06-04 15:44:01'),
(1874, '', '2023-09-08', 4, '2021-2022', 272, NULL, 156, '', '2024-06-04 15:44:01', '2024-06-04 15:44:01'),
(1875, '', '2023-09-07', 4, '2021-2022', 272, NULL, 156, '', '2024-06-04 15:44:01', '2024-06-04 15:44:01'),
(1876, '', '2023-08-31', 4, '2021-2022', 272, NULL, 156, '', '2024-06-04 15:44:01', '2024-06-04 15:44:01'),
(1877, '', '2023-08-25', 4, '2021-2022', 272, NULL, 156, '', '2024-06-04 15:44:01', '2024-06-04 15:44:01'),
(1878, '3', '2023-08-24', 4, '2021-2022', 272, NULL, 156, '', '2024-06-04 15:44:01', '2024-06-04 15:44:01'),
(1879, '', '2023-08-18', 4, '2021-2022', 272, NULL, 156, '', '2024-06-04 15:44:01', '2024-06-04 15:44:01'),
(1880, '', '2023-08-17', 4, '2021-2022', 272, NULL, 156, '', '2024-06-04 15:44:01', '2024-06-04 15:44:01'),
(1881, '', '2023-10-06', 4, '2021-2022', 273, NULL, 156, '', '2024-06-04 15:44:01', '2024-06-04 15:44:01'),
(1882, '', '2023-10-05', 4, '2021-2022', 273, NULL, 156, '', '2024-06-04 15:44:01', '2024-06-04 15:44:01'),
(1883, '', '2023-09-29', 4, '2021-2022', 273, NULL, 156, '', '2024-06-04 15:44:01', '2024-06-04 15:44:01'),
(1884, '', '2023-09-28', 4, '2021-2022', 273, NULL, 156, '', '2024-06-04 15:44:01', '2024-06-04 15:44:01'),
(1885, '', '2023-09-22', 4, '2021-2022', 273, NULL, 156, '', '2024-06-04 15:44:01', '2024-06-04 15:44:01'),
(1886, '', '2023-09-21', 4, '2021-2022', 273, NULL, 156, '', '2024-06-04 15:44:01', '2024-06-04 15:44:01'),
(1887, '', '2023-09-15', 4, '2021-2022', 273, NULL, 156, '', '2024-06-04 15:44:01', '2024-06-04 15:44:01'),
(1888, '', '2023-09-14', 4, '2021-2022', 273, NULL, 156, '', '2024-06-04 15:44:01', '2024-06-04 15:44:01'),
(1889, '', '2023-09-08', 4, '2021-2022', 273, NULL, 156, '', '2024-06-04 15:44:01', '2024-06-04 15:44:01'),
(1890, '', '2023-09-07', 4, '2021-2022', 273, NULL, 156, '', '2024-06-04 15:44:01', '2024-06-04 15:44:01'),
(1891, '', '2023-08-31', 4, '2021-2022', 273, NULL, 156, '', '2024-06-04 15:44:01', '2024-06-04 15:44:01'),
(1892, '', '2023-08-25', 4, '2021-2022', 273, NULL, 156, '', '2024-06-04 15:44:01', '2024-06-04 15:44:01'),
(1893, '', '2023-08-24', 4, '2021-2022', 273, NULL, 156, '', '2024-06-04 15:44:01', '2024-06-04 15:44:01'),
(1894, '', '2023-08-18', 4, '2021-2022', 273, NULL, 156, '', '2024-06-04 15:44:01', '2024-06-04 15:44:01'),
(1895, '', '2023-08-17', 4, '2021-2022', 273, NULL, 156, '', '2024-06-04 15:44:01', '2024-06-04 15:44:01'),
(1896, '', '2023-10-06', 4, '2021-2022', 274, NULL, 156, '', '2024-06-04 15:44:01', '2024-06-04 15:44:01'),
(1897, '', '2023-10-05', 4, '2021-2022', 274, NULL, 156, '', '2024-06-04 15:44:01', '2024-06-04 15:44:01'),
(1898, '', '2023-09-29', 4, '2021-2022', 274, NULL, 156, '', '2024-06-04 15:44:01', '2024-06-04 15:44:01'),
(1899, '', '2023-09-28', 4, '2021-2022', 274, NULL, 156, '', '2024-06-04 15:44:01', '2024-06-04 15:44:01'),
(1900, '', '2023-09-22', 4, '2021-2022', 274, NULL, 156, '', '2024-06-04 15:44:01', '2024-06-04 15:44:01'),
(1901, '', '2023-09-21', 4, '2021-2022', 274, NULL, 156, '', '2024-06-04 15:44:01', '2024-06-04 15:44:01'),
(1902, '', '2023-09-15', 4, '2021-2022', 274, NULL, 156, '', '2024-06-04 15:44:01', '2024-06-04 15:44:01'),
(1903, '', '2023-09-14', 4, '2021-2022', 274, NULL, 156, '', '2024-06-04 15:44:01', '2024-06-04 15:44:01'),
(1904, '', '2023-09-08', 4, '2021-2022', 274, NULL, 156, '', '2024-06-04 15:44:01', '2024-06-04 15:44:01'),
(1905, '', '2023-09-07', 4, '2021-2022', 274, NULL, 156, '', '2024-06-04 15:44:01', '2024-06-04 15:44:01'),
(1906, '', '2023-08-31', 4, '2021-2022', 274, NULL, 156, '', '2024-06-04 15:44:01', '2024-06-04 15:44:01'),
(1907, '', '2023-08-25', 4, '2021-2022', 274, NULL, 156, '', '2024-06-04 15:44:01', '2024-06-04 15:44:01'),
(1908, '', '2023-08-24', 4, '2021-2022', 274, NULL, 156, '', '2024-06-04 15:44:01', '2024-06-04 15:44:01'),
(1909, '', '2023-08-18', 4, '2021-2022', 274, NULL, 156, '', '2024-06-04 15:44:01', '2024-06-04 15:44:01'),
(1910, '', '2023-08-17', 4, '2021-2022', 274, NULL, 156, '', '2024-06-04 15:44:01', '2024-06-04 15:44:01'),
(1911, '', '2023-10-06', 4, '2021-2022', 275, NULL, 156, '', '2024-06-04 15:44:01', '2024-06-04 15:44:01'),
(1912, '', '2023-10-05', 4, '2021-2022', 275, NULL, 156, '', '2024-06-04 15:44:01', '2024-06-04 15:44:01'),
(1913, '', '2023-09-29', 4, '2021-2022', 275, NULL, 156, '', '2024-06-04 15:44:01', '2024-06-04 15:44:01'),
(1914, '', '2023-09-28', 4, '2021-2022', 275, NULL, 156, '', '2024-06-04 15:44:01', '2024-06-04 15:44:01'),
(1915, '', '2023-09-22', 4, '2021-2022', 275, NULL, 156, '', '2024-06-04 15:44:01', '2024-06-04 15:44:01'),
(1916, '', '2023-09-21', 4, '2021-2022', 275, NULL, 156, '', '2024-06-04 15:44:01', '2024-06-04 15:44:01'),
(1917, '', '2023-09-15', 4, '2021-2022', 275, NULL, 156, '', '2024-06-04 15:44:01', '2024-06-04 15:44:01'),
(1918, '', '2023-09-14', 4, '2021-2022', 275, NULL, 156, '', '2024-06-04 15:44:01', '2024-06-04 15:44:01'),
(1919, '', '2023-09-08', 4, '2021-2022', 275, NULL, 156, '', '2024-06-04 15:44:01', '2024-06-04 15:44:01'),
(1920, '', '2023-09-07', 4, '2021-2022', 275, NULL, 156, '', '2024-06-04 15:44:01', '2024-06-04 15:44:01'),
(1921, '', '2023-08-31', 4, '2021-2022', 275, NULL, 156, '', '2024-06-04 15:44:01', '2024-06-04 15:44:01'),
(1922, '', '2023-08-25', 4, '2021-2022', 275, NULL, 156, '', '2024-06-04 15:44:01', '2024-06-04 15:44:01'),
(1923, '', '2023-08-24', 4, '2021-2022', 275, NULL, 156, '', '2024-06-04 15:44:01', '2024-06-04 15:44:01'),
(1924, '', '2023-08-18', 4, '2021-2022', 275, NULL, 156, '', '2024-06-04 15:44:01', '2024-06-04 15:44:01'),
(1925, '', '2023-08-17', 4, '2021-2022', 275, NULL, 156, '', '2024-06-04 15:44:01', '2024-06-04 15:44:01'),
(1926, '', '2023-10-06', 4, '2021-2022', 276, NULL, 156, '', '2024-06-04 15:44:01', '2024-06-04 15:44:01'),
(1927, '', '2023-10-05', 4, '2021-2022', 276, NULL, 156, '', '2024-06-04 15:44:01', '2024-06-04 15:44:01'),
(1928, '', '2023-09-29', 4, '2021-2022', 276, NULL, 156, '', '2024-06-04 15:44:01', '2024-06-04 15:44:01'),
(1929, '', '2023-09-28', 4, '2021-2022', 276, NULL, 156, '', '2024-06-04 15:44:01', '2024-06-04 15:44:01'),
(1930, '', '2023-09-22', 4, '2021-2022', 276, NULL, 156, '', '2024-06-04 15:44:01', '2024-06-04 15:44:01'),
(1931, '', '2023-09-21', 4, '2021-2022', 276, NULL, 156, '', '2024-06-04 15:44:01', '2024-06-04 15:44:01'),
(1932, '', '2023-09-15', 4, '2021-2022', 276, NULL, 156, '', '2024-06-04 15:44:01', '2024-06-04 15:44:01'),
(1933, '', '2023-09-14', 4, '2021-2022', 276, NULL, 156, '', '2024-06-04 15:44:01', '2024-06-04 15:44:01'),
(1934, '', '2023-09-08', 4, '2021-2022', 276, NULL, 156, '', '2024-06-04 15:44:01', '2024-06-04 15:44:01'),
(1935, '', '2023-09-07', 4, '2021-2022', 276, NULL, 156, '', '2024-06-04 15:44:01', '2024-06-04 15:44:01'),
(1936, '', '2023-08-31', 4, '2021-2022', 276, NULL, 156, '', '2024-06-04 15:44:01', '2024-06-04 15:44:01'),
(1937, '', '2023-08-25', 4, '2021-2022', 276, NULL, 156, '', '2024-06-04 15:44:01', '2024-06-04 15:44:01'),
(1938, '', '2023-08-24', 4, '2021-2022', 276, NULL, 156, '', '2024-06-04 15:44:01', '2024-06-04 15:44:01'),
(1939, '', '2023-08-18', 4, '2021-2022', 276, NULL, 156, '', '2024-06-04 15:44:01', '2024-06-04 15:44:01'),
(1940, '', '2023-08-17', 4, '2021-2022', 276, NULL, 156, '', '2024-06-04 15:44:01', '2024-06-04 15:44:01'),
(1941, '3', '2023-10-06', 4, '2021-2022', 277, NULL, 156, '', '2024-06-04 15:44:01', '2024-06-04 15:44:01'),
(1942, '3', '2023-10-05', 4, '2021-2022', 277, NULL, 156, '', '2024-06-04 15:44:01', '2024-06-04 15:44:01'),
(1943, '3', '2023-09-29', 4, '2021-2022', 277, NULL, 156, '', '2024-06-04 15:44:01', '2024-06-04 15:44:01'),
(1944, '3', '2023-09-28', 4, '2021-2022', 277, NULL, 156, '', '2024-06-04 15:44:01', '2024-06-04 15:44:01'),
(1945, '3', '2023-09-22', 4, '2021-2022', 277, NULL, 156, '', '2024-06-04 15:44:01', '2024-06-04 15:44:01'),
(1946, '3', '2023-09-21', 4, '2021-2022', 277, NULL, 156, '', '2024-06-04 15:44:01', '2024-06-04 15:44:01'),
(1947, '3', '2023-09-15', 4, '2021-2022', 277, NULL, 156, '', '2024-06-04 15:44:01', '2024-06-04 15:44:01'),
(1948, '3', '2023-09-14', 4, '2021-2022', 277, NULL, 156, '', '2024-06-04 15:44:01', '2024-06-04 15:44:01'),
(1949, '3', '2023-09-08', 4, '2021-2022', 277, NULL, 156, '', '2024-06-04 15:44:01', '2024-06-04 15:44:01'),
(1950, '3', '2023-09-07', 4, '2021-2022', 277, NULL, 156, '', '2024-06-04 15:44:01', '2024-06-04 15:44:01'),
(1951, '', '2023-08-31', 4, '2021-2022', 277, NULL, 156, '', '2024-06-04 15:44:01', '2024-06-04 15:44:01'),
(1952, '', '2023-08-25', 4, '2021-2022', 277, NULL, 156, '', '2024-06-04 15:44:01', '2024-06-04 15:44:01'),
(1953, '', '2023-08-24', 4, '2021-2022', 277, NULL, 156, '', '2024-06-04 15:44:01', '2024-06-04 15:44:01'),
(1954, '3', '2023-08-18', 4, '2021-2022', 277, NULL, 156, '', '2024-06-04 15:44:01', '2024-06-04 15:44:01'),
(1955, '3', '2023-08-17', 4, '2021-2022', 277, NULL, 156, '', '2024-06-04 15:44:01', '2024-06-04 15:44:01'),
(1956, '', '2023-10-06', 4, '2021-2022', 278, NULL, 156, '', '2024-06-04 15:44:01', '2024-06-04 15:44:01'),
(1957, '', '2023-10-05', 4, '2021-2022', 278, NULL, 156, '', '2024-06-04 15:44:01', '2024-06-04 15:44:01'),
(1958, '', '2023-09-29', 4, '2021-2022', 278, NULL, 156, '', '2024-06-04 15:44:01', '2024-06-04 15:44:01'),
(1959, '', '2023-09-28', 4, '2021-2022', 278, NULL, 156, '', '2024-06-04 15:44:01', '2024-06-04 15:44:01'),
(1960, '', '2023-09-22', 4, '2021-2022', 278, NULL, 156, '', '2024-06-04 15:44:01', '2024-06-04 15:44:01'),
(1961, '', '2023-09-21', 4, '2021-2022', 278, NULL, 156, '', '2024-06-04 15:44:01', '2024-06-04 15:44:01'),
(1962, '', '2023-09-15', 4, '2021-2022', 278, NULL, 156, '', '2024-06-04 15:44:01', '2024-06-04 15:44:01'),
(1963, '', '2023-09-14', 4, '2021-2022', 278, NULL, 156, '', '2024-06-04 15:44:01', '2024-06-04 15:44:01'),
(1964, '', '2023-09-08', 4, '2021-2022', 278, NULL, 156, '', '2024-06-04 15:44:01', '2024-06-04 15:44:01'),
(1965, '', '2023-09-07', 4, '2021-2022', 278, NULL, 156, '', '2024-06-04 15:44:01', '2024-06-04 15:44:01'),
(1966, '', '2023-08-31', 4, '2021-2022', 278, NULL, 156, '', '2024-06-04 15:44:01', '2024-06-04 15:44:01'),
(1967, '', '2023-08-25', 4, '2021-2022', 278, NULL, 156, '', '2024-06-04 15:44:01', '2024-06-04 15:44:01'),
(1968, '3', '2023-08-24', 4, '2021-2022', 278, NULL, 156, '', '2024-06-04 15:44:01', '2024-06-04 15:44:01'),
(1969, '', '2023-08-18', 4, '2021-2022', 278, NULL, 156, '', '2024-06-04 15:44:01', '2024-06-04 15:44:01'),
(1970, '', '2023-08-17', 4, '2021-2022', 278, NULL, 156, '', '2024-06-04 15:44:01', '2024-06-04 15:44:01'),
(1971, '', '2023-10-06', 4, '2021-2022', 279, NULL, 156, '', '2024-06-04 15:44:01', '2024-06-04 15:44:01'),
(1972, '', '2023-10-05', 4, '2021-2022', 279, NULL, 156, '', '2024-06-04 15:44:01', '2024-06-04 15:44:01'),
(1973, '', '2023-09-29', 4, '2021-2022', 279, NULL, 156, '', '2024-06-04 15:44:01', '2024-06-04 15:44:01'),
(1974, '', '2023-09-28', 4, '2021-2022', 279, NULL, 156, '', '2024-06-04 15:44:01', '2024-06-04 15:44:01'),
(1975, '', '2023-09-22', 4, '2021-2022', 279, NULL, 156, '', '2024-06-04 15:44:01', '2024-06-04 15:44:01'),
(1976, '', '2023-09-21', 4, '2021-2022', 279, NULL, 156, '', '2024-06-04 15:44:01', '2024-06-04 15:44:01'),
(1977, '', '2023-09-15', 4, '2021-2022', 279, NULL, 156, '', '2024-06-04 15:44:01', '2024-06-04 15:44:01'),
(1978, '', '2023-09-14', 4, '2021-2022', 279, NULL, 156, '', '2024-06-04 15:44:01', '2024-06-04 15:44:01'),
(1979, '', '2023-09-08', 4, '2021-2022', 279, NULL, 156, '', '2024-06-04 15:44:01', '2024-06-04 15:44:01'),
(1980, '', '2023-09-07', 4, '2021-2022', 279, NULL, 156, '', '2024-06-04 15:44:01', '2024-06-04 15:44:01'),
(1981, '', '2023-08-31', 4, '2021-2022', 279, NULL, 156, '', '2024-06-04 15:44:01', '2024-06-04 15:44:01'),
(1982, '', '2023-08-25', 4, '2021-2022', 279, NULL, 156, '', '2024-06-04 15:44:01', '2024-06-04 15:44:01'),
(1983, '3', '2023-08-24', 4, '2021-2022', 279, NULL, 156, '', '2024-06-04 15:44:01', '2024-06-04 15:44:01'),
(1984, '', '2023-08-18', 4, '2021-2022', 279, NULL, 156, '', '2024-06-04 15:44:01', '2024-06-04 15:44:01'),
(1985, '', '2023-08-17', 4, '2021-2022', 279, NULL, 156, '', '2024-06-04 15:44:01', '2024-06-04 15:44:01'),
(1986, '3', '2023-10-06', 4, '2021-2022', 280, NULL, 156, '', '2024-06-04 15:44:01', '2024-06-04 15:44:01'),
(1987, '3', '2023-10-05', 4, '2021-2022', 280, NULL, 156, '', '2024-06-04 15:44:01', '2024-06-04 15:44:01'),
(1988, '3', '2023-09-29', 4, '2021-2022', 280, NULL, 156, '', '2024-06-04 15:44:01', '2024-06-04 15:44:01'),
(1989, '3', '2023-09-28', 4, '2021-2022', 280, NULL, 156, '', '2024-06-04 15:44:01', '2024-06-04 15:44:01'),
(1990, '3', '2023-09-22', 4, '2021-2022', 280, NULL, 156, '', '2024-06-04 15:44:01', '2024-06-04 15:44:01'),
(1991, '3', '2023-09-21', 4, '2021-2022', 280, NULL, 156, '', '2024-06-04 15:44:01', '2024-06-04 15:44:01'),
(1992, '3', '2023-09-15', 4, '2021-2022', 280, NULL, 156, '', '2024-06-04 15:44:01', '2024-06-04 15:44:01'),
(1993, '', '2023-09-14', 4, '2021-2022', 280, NULL, 156, '', '2024-06-04 15:44:01', '2024-06-04 15:44:01'),
(1994, '', '2023-09-08', 4, '2021-2022', 280, NULL, 156, '', '2024-06-04 15:44:01', '2024-06-04 15:44:01'),
(1995, '', '2023-09-07', 4, '2021-2022', 280, NULL, 156, '', '2024-06-04 15:44:01', '2024-06-04 15:44:01'),
(1996, '3', '2023-08-31', 4, '2021-2022', 280, NULL, 156, '', '2024-06-04 15:44:01', '2024-06-04 15:44:01'),
(1997, '', '2023-08-25', 4, '2021-2022', 280, NULL, 156, '', '2024-06-04 15:44:01', '2024-06-04 15:44:01'),
(1998, '', '2023-08-24', 4, '2021-2022', 280, NULL, 156, '', '2024-06-04 15:44:01', '2024-06-04 15:44:01'),
(1999, '', '2023-08-18', 4, '2021-2022', 280, NULL, 156, '', '2024-06-04 15:44:01', '2024-06-04 15:44:01'),
(2000, '', '2023-08-17', 4, '2021-2022', 280, NULL, 156, '', '2024-06-04 15:44:01', '2024-06-04 15:44:01'),
(2001, '', '2023-10-06', 4, '2021-2022', 281, NULL, 156, '', '2024-06-04 15:44:01', '2024-06-04 15:44:01'),
(2002, '', '2023-10-05', 4, '2021-2022', 281, NULL, 156, '', '2024-06-04 15:44:01', '2024-06-04 15:44:01'),
(2003, '', '2023-09-29', 4, '2021-2022', 281, NULL, 156, '', '2024-06-04 15:44:01', '2024-06-04 15:44:01'),
(2004, '', '2023-09-28', 4, '2021-2022', 281, NULL, 156, '', '2024-06-04 15:44:01', '2024-06-04 15:44:01'),
(2005, '', '2023-09-22', 4, '2021-2022', 281, NULL, 156, '', '2024-06-04 15:44:01', '2024-06-04 15:44:01'),
(2006, '', '2023-09-21', 4, '2021-2022', 281, NULL, 156, '', '2024-06-04 15:44:01', '2024-06-04 15:44:01'),
(2007, '', '2023-09-15', 4, '2021-2022', 281, NULL, 156, '', '2024-06-04 15:44:01', '2024-06-04 15:44:01'),
(2008, '', '2023-09-14', 4, '2021-2022', 281, NULL, 156, '', '2024-06-04 15:44:01', '2024-06-04 15:44:01'),
(2009, '', '2023-09-08', 4, '2021-2022', 281, NULL, 156, '', '2024-06-04 15:44:01', '2024-06-04 15:44:01'),
(2010, '', '2023-09-07', 4, '2021-2022', 281, NULL, 156, '', '2024-06-04 15:44:01', '2024-06-04 15:44:01'),
(2011, '', '2023-08-31', 4, '2021-2022', 281, NULL, 156, '', '2024-06-04 15:44:01', '2024-06-04 15:44:01'),
(2012, '', '2023-08-25', 4, '2021-2022', 281, NULL, 156, '', '2024-06-04 15:44:01', '2024-06-04 15:44:01'),
(2013, '', '2023-08-24', 4, '2021-2022', 281, NULL, 156, '', '2024-06-04 15:44:01', '2024-06-04 15:44:01'),
(2014, '', '2023-08-18', 4, '2021-2022', 281, NULL, 156, '', '2024-06-04 15:44:01', '2024-06-04 15:44:01'),
(2015, '', '2023-08-17', 4, '2021-2022', 281, NULL, 156, '', '2024-06-04 15:44:01', '2024-06-04 15:44:01'),
(2016, '', '2023-10-06', 4, '2021-2022', 282, NULL, 156, '', '2024-06-04 15:44:01', '2024-06-04 15:44:01'),
(2017, '', '2023-10-05', 4, '2021-2022', 282, NULL, 156, '', '2024-06-04 15:44:01', '2024-06-04 15:44:01'),
(2018, '', '2023-09-29', 4, '2021-2022', 282, NULL, 156, '', '2024-06-04 15:44:01', '2024-06-04 15:44:01'),
(2019, '', '2023-09-28', 4, '2021-2022', 282, NULL, 156, '', '2024-06-04 15:44:01', '2024-06-04 15:44:01'),
(2020, '', '2023-09-22', 4, '2021-2022', 282, NULL, 156, '', '2024-06-04 15:44:01', '2024-06-04 15:44:01'),
(2021, '', '2023-09-21', 4, '2021-2022', 282, NULL, 156, '', '2024-06-04 15:44:01', '2024-06-04 15:44:01'),
(2022, '', '2023-09-15', 4, '2021-2022', 282, NULL, 156, '', '2024-06-04 15:44:01', '2024-06-04 15:44:01'),
(2023, '', '2023-09-14', 4, '2021-2022', 282, NULL, 156, '', '2024-06-04 15:44:01', '2024-06-04 15:44:01'),
(2024, '', '2023-09-08', 4, '2021-2022', 282, NULL, 156, '', '2024-06-04 15:44:01', '2024-06-04 15:44:01'),
(2025, '', '2023-09-07', 4, '2021-2022', 282, NULL, 156, '', '2024-06-04 15:44:01', '2024-06-04 15:44:01'),
(2026, '', '2023-08-31', 4, '2021-2022', 282, NULL, 156, '', '2024-06-04 15:44:01', '2024-06-04 15:44:01'),
(2027, '', '2023-08-25', 4, '2021-2022', 282, NULL, 156, '', '2024-06-04 15:44:01', '2024-06-04 15:44:01'),
(2028, '', '2023-08-24', 4, '2021-2022', 282, NULL, 156, '', '2024-06-04 15:44:01', '2024-06-04 15:44:01'),
(2029, '', '2023-08-18', 4, '2021-2022', 282, NULL, 156, '', '2024-06-04 15:44:01', '2024-06-04 15:44:01'),
(2030, '', '2023-08-17', 4, '2021-2022', 282, NULL, 156, '', '2024-06-04 15:44:01', '2024-06-04 15:44:01'),
(2031, '', '2023-10-06', 4, '2021-2022', 283, NULL, 156, '', '2024-06-04 15:44:01', '2024-06-04 15:44:01'),
(2032, '', '2023-10-05', 4, '2021-2022', 283, NULL, 156, '', '2024-06-04 15:44:01', '2024-06-04 15:44:01'),
(2033, '', '2023-09-29', 4, '2021-2022', 283, NULL, 156, '', '2024-06-04 15:44:01', '2024-06-04 15:44:01'),
(2034, '', '2023-09-28', 4, '2021-2022', 283, NULL, 156, '', '2024-06-04 15:44:01', '2024-06-04 15:44:01'),
(2035, '', '2023-09-22', 4, '2021-2022', 283, NULL, 156, '', '2024-06-04 15:44:01', '2024-06-04 15:44:01'),
(2036, '', '2023-09-21', 4, '2021-2022', 283, NULL, 156, '', '2024-06-04 15:44:01', '2024-06-04 15:44:01'),
(2037, '', '2023-09-15', 4, '2021-2022', 283, NULL, 156, '', '2024-06-04 15:44:01', '2024-06-04 15:44:01'),
(2038, '', '2023-09-14', 4, '2021-2022', 283, NULL, 156, '', '2024-06-04 15:44:01', '2024-06-04 15:44:01'),
(2039, '', '2023-09-08', 4, '2021-2022', 283, NULL, 156, '', '2024-06-04 15:44:01', '2024-06-04 15:44:01'),
(2040, '', '2023-09-07', 4, '2021-2022', 283, NULL, 156, '', '2024-06-04 15:44:01', '2024-06-04 15:44:01'),
(2041, '', '2023-08-31', 4, '2021-2022', 283, NULL, 156, '', '2024-06-04 15:44:01', '2024-06-04 15:44:01'),
(2042, '', '2023-08-25', 4, '2021-2022', 283, NULL, 156, '', '2024-06-04 15:44:01', '2024-06-04 15:44:01'),
(2043, '3', '2023-08-24', 4, '2021-2022', 283, NULL, 156, '', '2024-06-04 15:44:01', '2024-06-04 15:44:01'),
(2044, '', '2023-08-18', 4, '2021-2022', 283, NULL, 156, '', '2024-06-04 15:44:01', '2024-06-04 15:44:01'),
(2045, '', '2023-08-17', 4, '2021-2022', 283, NULL, 156, '', '2024-06-04 15:44:01', '2024-06-04 15:44:01');

-- --------------------------------------------------------

--
-- Table structure for table `blockknowledge`
--

CREATE TABLE `blockknowledge` (
  `ID` int(11) NOT NULL,
  `NameBlockKnowledge` varchar(255) DEFAULT NULL,
  `Credits` int(11) DEFAULT NULL,
  `IDStudyProgram` int(11) DEFAULT NULL,
  `CreatedAt` timestamp NOT NULL DEFAULT current_timestamp(),
  `UpdatedAt` timestamp NOT NULL DEFAULT current_timestamp() ON UPDATE current_timestamp()
) ENGINE=InnoDB DEFAULT CHARSET=utf8mb4;

--
-- Dumping data for table `blockknowledge`
--

INSERT INTO `blockknowledge` (`ID`, `NameBlockKnowledge`, `Credits`, `IDStudyProgram`, `CreatedAt`, `UpdatedAt`) VALUES
(68, 'i cng', 13, 4, '2024-06-04 15:37:38', '2024-06-04 15:37:38'),
(69, 'C s ngnh', 27, 4, '2024-06-04 15:37:38', '2024-06-04 15:37:38');

-- --------------------------------------------------------

--
-- Table structure for table `class`
--

CREATE TABLE `class` (
  `ID` int(11) NOT NULL,
  `NameClass` varchar(255) DEFAULT NULL,
  `CreateAt` timestamp NOT NULL DEFAULT current_timestamp(),
  `UpdateAt` timestamp NOT NULL DEFAULT current_timestamp() ON UPDATE current_timestamp(),
  `IDFaculty` int(11) DEFAULT NULL
) ENGINE=InnoDB DEFAULT CHARSET=utf8mb4;

--
-- Dumping data for table `class`
--

INSERT INTO `class` (`ID`, `NameClass`, `CreateAt`, `UpdateAt`, `IDFaculty`) VALUES
(51, 'DCCNTT12.10.3', '2024-06-04 15:34:43', '2024-06-04 15:34:43', 73),
(52, 'DCCMKT12.10.1', '2024-06-04 15:38:25', '2024-06-04 15:38:25', 89),
(53, 'DCCMKT12.10.2', '2024-06-04 15:38:25', '2024-06-04 15:38:25', 89),
(54, 'DCCMKT12.10.3', '2024-06-04 15:38:25', '2024-06-04 15:38:25', 89),
(55, 'DCCMKT12.10.4', '2024-06-04 15:38:25', '2024-06-04 15:38:25', 89),
(56, 'DCCMKT12.10.5', '2024-06-04 15:38:25', '2024-06-04 15:38:25', 89),
(57, 'DCCMKT12.10.6', '2024-06-04 15:38:25', '2024-06-04 15:38:25', 89),
(58, 'DCCMKT12.10.7', '2024-06-04 15:38:25', '2024-06-04 15:38:25', 89),
(59, 'DCCNTP11.10.1', '2024-06-04 15:38:25', '2024-06-04 15:38:25', 90),
(60, 'DCCNTP11.10.2', '2024-06-04 15:38:25', '2024-06-04 15:38:25', 90),
(61, 'DCCNTP11.10.3', '2024-06-04 15:38:25', '2024-06-04 15:38:25', 90),
(62, 'DCCNTP11.10.4', '2024-06-04 15:38:25', '2024-06-04 15:38:25', 90),
(63, 'DCCNTP11.10.5', '2024-06-04 15:38:25', '2024-06-04 15:38:25', 90),
(64, 'DCCNTP11.10.6', '2024-06-04 15:38:25', '2024-06-04 15:38:25', 90),
(65, 'DCCNTP11.10.7', '2024-06-04 15:38:25', '2024-06-04 15:38:25', 90),
(66, 'DCCNTP11.10.8', '2024-06-04 15:38:25', '2024-06-04 15:38:25', 90),
(67, 'DCCNTP11.10.9', '2024-06-04 15:38:25', '2024-06-04 15:38:25', 90),
(68, 'DCCNTP11.10.10', '2024-06-04 15:38:25', '2024-06-04 15:38:25', 90),
(69, 'DCCNTP11.10.11', '2024-06-04 15:38:25', '2024-06-04 15:38:25', 90),
(70, 'DCCNTP11.10.12', '2024-06-04 15:38:25', '2024-06-04 15:38:25', 90),
(71, 'DCQTKD11.10.1', '2024-06-04 15:38:25', '2024-06-04 15:38:25', 91),
(72, 'DCQTKD11.10.2', '2024-06-04 15:38:25', '2024-06-04 15:38:25', 91),
(73, 'DCQTKD11.10.3', '2024-06-04 15:38:25', '2024-06-04 15:38:25', 91),
(74, 'DCQTKD11.10.4', '2024-06-04 15:38:25', '2024-06-04 15:38:25', 91),
(75, 'DCQTKD11.10.5', '2024-06-04 15:38:25', '2024-06-04 15:38:25', 91),
(76, 'DCQTKD11.10.6', '2024-06-04 15:38:25', '2024-06-04 15:38:25', 91),
(77, 'DCCNOT12.10.1', '2024-06-04 15:38:25', '2024-06-04 15:38:25', 92),
(78, 'DCCNOT12.10.2', '2024-06-04 15:38:25', '2024-06-04 15:38:25', 92),
(79, 'DCCNOT12.10.3', '2024-06-04 15:38:25', '2024-06-04 15:38:25', 92),
(80, 'DCCNOT12.10.4', '2024-06-04 15:38:25', '2024-06-04 15:38:25', 92),
(81, 'DCCNOT12.10.5', '2024-06-04 15:38:25', '2024-06-04 15:38:25', 92),
(82, 'DCCNOT12.10.6', '2024-06-04 15:38:25', '2024-06-04 15:38:25', 92),
(83, 'DCCNOT12.10.7', '2024-06-04 15:38:25', '2024-06-04 15:38:25', 92),
(84, 'DCDLKS11.10.1', '2024-06-04 15:38:25', '2024-06-04 15:38:25', 93),
(85, 'DCDLKS11.10.2', '2024-06-04 15:38:25', '2024-06-04 15:38:25', 93),
(86, 'DCDLKS11.10.3', '2024-06-04 15:38:25', '2024-06-04 15:38:25', 93),
(87, 'DCDLKS11.10.4', '2024-06-04 15:38:25', '2024-06-04 15:38:25', 93);

-- --------------------------------------------------------

--
-- Table structure for table `class_course`
--

CREATE TABLE `class_course` (
  `IDCourse` int(11) DEFAULT NULL,
  `IDClass` int(11) DEFAULT NULL,
  `semester` varchar(255) DEFAULT NULL
) ENGINE=InnoDB DEFAULT CHARSET=utf8mb4;

--
-- Dumping data for table `class_course`
--

INSERT INTO `class_course` (`IDCourse`, `IDClass`, `semester`) VALUES
(156, 51, NULL),
(148, 51, NULL);

-- --------------------------------------------------------

--
-- Table structure for table `codecourseprerequisite`
--

CREATE TABLE `codecourseprerequisite` (
  `IDCourse` int(11) DEFAULT NULL,
  `CodeName` varchar(255) DEFAULT NULL
) ENGINE=InnoDB DEFAULT CHARSET=utf8mb4;

--
-- Dumping data for table `codecourseprerequisite`
--

INSERT INTO `codecourseprerequisite` (`IDCourse`, `CodeName`) VALUES
(148, 'SSH1201'),
(149, 'SSH1202'),
(150, 'SSH1203'),
(151, 'SSH1204'),
(152, 'SSH1205'),
(153, 'SSH1206'),
(154, 'IT2201'),
(155, 'IT2202'),
(156, 'IT2203'),
(157, 'IT2204'),
(158, 'IT2205'),
(159, 'IT2206'),
(160, 'IT2207'),
(161, 'IT2208'),
(162, 'IT2209');

-- --------------------------------------------------------

--
-- Table structure for table `course`
--

CREATE TABLE `course` (
  `ID` int(11) NOT NULL,
  `NameCourse` varchar(255) DEFAULT NULL,
  `NumberOfCredits` int(11) DEFAULT NULL,
  `Describe` text DEFAULT NULL,
  `Schedule` text DEFAULT NULL,
  `TotalHours` int(11) DEFAULT NULL,
  `FinalExamDate` date DEFAULT NULL,
  `Semester` varchar(255) DEFAULT NULL,
  `IDBlockKnowledge` int(11) DEFAULT NULL,
  `STT` int(11) DEFAULT NULL,
  `CourseCode` varchar(255) DEFAULT NULL,
  `ExerciseTheory` int(11) DEFAULT NULL,
  `Practice` int(11) DEFAULT NULL,
  `BigExercise` int(11) DEFAULT NULL,
  `SpecializedProjects` int(11) DEFAULT NULL,
  `SelfLearning` int(11) DEFAULT NULL,
  `UpdateAt` timestamp NOT NULL DEFAULT current_timestamp() ON UPDATE current_timestamp(),
  `CreateAt` timestamp NOT NULL DEFAULT current_timestamp()
) ENGINE=InnoDB DEFAULT CHARSET=utf8mb4;

--
-- Dumping data for table `course`
--

INSERT INTO `course` (`ID`, `NameCourse`, `NumberOfCredits`, `Describe`, `Schedule`, `TotalHours`, `FinalExamDate`, `Semester`, `IDBlockKnowledge`, `STT`, `CourseCode`, `ExerciseTheory`, `Practice`, `BigExercise`, `SpecializedProjects`, `SelfLearning`, `UpdateAt`, `CreateAt`) VALUES
(148, 'Trit hc Mc - Lnin', 3, NULL, NULL, NULL, NULL, '1', 68, 2, 'SSH1201', 3, 0, 0, 0, 45, '2024-06-04 15:37:38', '2024-06-04 15:37:38'),
(149, 'Kinh t chnh tr Mc - Lnin', 2, NULL, NULL, NULL, NULL, '2', 68, 3, 'SSH1202', 2, 0, 0, 0, 30, '2024-06-04 15:37:38', '2024-06-04 15:37:38'),
(150, 'Ch ngha x hi khoa hc', 2, NULL, NULL, NULL, NULL, '3', 68, 4, 'SSH1203', 2, 0, 0, 0, 30, '2024-06-04 15:37:38', '2024-06-04 15:37:38'),
(151, 'Lch s ng Cng sn Vit Nam', 2, NULL, NULL, NULL, NULL, '4', 68, 5, 'SSH1204', 2, 0, 0, 0, 30, '2024-06-04 15:37:38', '2024-06-04 15:37:38'),
(152, 'T tng H Ch Minh', 2, NULL, NULL, NULL, NULL, '4', 68, 6, 'SSH1205', 2, 0, 0, 0, 30, '2024-06-04 15:37:38', '2024-06-04 15:37:38'),
(153, 'Php lut i cng', 2, NULL, NULL, NULL, NULL, '2', 68, 7, 'SSH1206', 2, 0, 0, 0, 30, '2024-06-04 15:37:38', '2024-06-04 15:37:38'),
(154, 'C s lp trnh vi C', 3, NULL, NULL, NULL, NULL, '2', 69, 9, 'IT2201', 2, 1, 0, 0, 75, '2024-06-04 15:37:38', '2024-06-04 15:37:38'),
(155, 'C s d liu ', 4, NULL, NULL, NULL, NULL, '3', 69, 10, 'IT2202', 3, 1, 0, 0, 105, '2024-06-04 15:37:38', '2024-06-04 15:37:38'),
(156, 'Thit k Web', 3, NULL, NULL, NULL, NULL, '4', 69, 11, 'IT2203', 2, 1, 0, 0, 75, '2024-06-04 15:37:38', '2024-06-04 15:37:38'),
(157, 'H thng thng tin qun l', 3, NULL, NULL, NULL, NULL, '4', 69, 12, 'IT2204', 2, 1, 0, 0, 75, '2024-06-04 15:37:38', '2024-06-04 15:37:38'),
(158, 'Pht trin ng dng cho thit b di ng', 4, NULL, NULL, NULL, NULL, '5', 69, 13, 'IT2205', 2, 2, 0, 0, 90, '2024-06-04 15:37:38', '2024-06-04 15:37:38'),
(159, 'Thng mi in t', 3, NULL, NULL, NULL, NULL, '5', 69, 14, 'IT2206', 2, 1, 0, 0, 75, '2024-06-04 15:37:38', '2024-06-04 15:37:38'),
(160, 'Cu trc d liu v gii thut', 3, NULL, NULL, NULL, NULL, '3', 69, 15, 'IT2207', 2, 1, 0, 0, 75, '2024-06-04 15:37:38', '2024-06-04 15:37:38'),
(161, 'Thc tp nhn thc ngnh ngh', 2, NULL, NULL, NULL, NULL, '1', 69, 16, 'IT2208', 0, 2, 0, 0, 30, '2024-06-04 15:37:38', '2024-06-04 15:37:38'),
(162, 'Phng php tnh ton ti u', 2, NULL, NULL, NULL, NULL, '3', 69, 17, 'IT2209', 2, 0, 0, 0, 60, '2024-06-04 15:37:38', '2024-06-04 15:37:38');

-- --------------------------------------------------------

--
-- Table structure for table `course_documentlibrary`
--

CREATE TABLE `course_documentlibrary` (
  `IDCourse` int(11) NOT NULL,
  `IDDocumentLibrary` int(11) NOT NULL
) ENGINE=InnoDB DEFAULT CHARSET=utf8mb4;

-- --------------------------------------------------------

--
-- Table structure for table `course_studyprogram`
--

CREATE TABLE `course_studyprogram` (
  `IDCourse` int(11) NOT NULL,
  `IDStudyProgram` int(11) NOT NULL
) ENGINE=InnoDB DEFAULT CHARSET=utf8mb4;

--
-- Dumping data for table `course_studyprogram`
--

INSERT INTO `course_studyprogram` (`IDCourse`, `IDStudyProgram`) VALUES
(148, 4),
(149, 4),
(150, 4),
(151, 4),
(152, 4),
(153, 4),
(154, 4),
(155, 4),
(156, 4),
(157, 4),
(158, 4),
(159, 4),
(160, 4),
(161, 4),
(162, 4);

-- --------------------------------------------------------

--
-- Table structure for table `documentlibrary`
--

CREATE TABLE `documentlibrary` (
  `ID` int(11) NOT NULL,
  `NameDOC` varchar(255) DEFAULT NULL,
  `Status` varchar(255) DEFAULT NULL,
  `Source` varchar(255) DEFAULT NULL,
  `Url` varchar(255) DEFAULT NULL,
  `CreateAt` timestamp NOT NULL DEFAULT current_timestamp(),
  `UpdateAt` timestamp NOT NULL DEFAULT current_timestamp() ON UPDATE current_timestamp()
) ENGINE=InnoDB DEFAULT CHARSET=utf8mb4;

-- --------------------------------------------------------

--
-- Table structure for table `equivalent`
--

CREATE TABLE `equivalent` (
  `StudyProgramEquivaletName` varchar(255) DEFAULT NULL,
  `IDStudyProgram` int(11) DEFAULT NULL
) ENGINE=InnoDB DEFAULT CHARSET=utf8mb4;

-- --------------------------------------------------------

--
-- Table structure for table `faculty`
--

CREATE TABLE `faculty` (
  `ID` int(11) NOT NULL,
  `FacultyName` varchar(255) DEFAULT NULL,
  `Founding` date DEFAULT NULL,
  `Describe` text DEFAULT NULL,
  `Email` varchar(255) DEFAULT NULL,
  `PhoneNumber` varchar(255) DEFAULT NULL,
  `CreateAt` timestamp NOT NULL DEFAULT current_timestamp(),
  `UpdateAt` timestamp NOT NULL DEFAULT current_timestamp() ON UPDATE current_timestamp()
) ENGINE=InnoDB DEFAULT CHARSET=utf8mb4;

--
-- Dumping data for table `faculty`
--

INSERT INTO `faculty` (`ID`, `FacultyName`, `Founding`, `Describe`, `Email`, `PhoneNumber`, `CreateAt`, `UpdateAt`) VALUES
(73, 'Cng ngh thng tin', '2008-10-10', NULL, 'email1@eaut.edu.vn', '19001892', '2024-06-04 15:25:56', '2024-06-04 15:25:56'),
(74, 'Qun tr kinh doanh', '2008-10-11', NULL, 'email1@eaut.edu.vn', '19001892', '2024-06-04 15:25:56', '2024-06-04 15:25:56'),
(75, 'Du lch l hnh', '2008-10-12', NULL, 'email1@eaut.edu.vn', '19001892', '2024-06-04 15:25:56', '2024-06-04 15:25:56'),
(76, 'Marketing', '2008-10-13', NULL, 'email1@eaut.edu.vn', '19001892', '2024-06-04 15:25:56', '2024-06-04 15:25:56'),
(77, 'Cng ngh  t', '2008-10-14', NULL, 'email1@eaut.edu.vn', '19001892', '2024-06-04 15:25:56', '2024-06-04 15:25:56'),
(78, 'K thut in t', '2008-10-15', NULL, 'email1@eaut.edu.vn', '19001892', '2024-06-04 15:25:56', '2024-06-04 15:25:56'),
(79, 'Cng ngh thc phm', '2008-10-16', NULL, 'email1@eaut.edu.vn', '19001892', '2024-06-04 15:25:56', '2024-06-04 15:25:56'),
(80, 'iu dng', '2008-10-17', NULL, 'email1@eaut.edu.vn', '19001892', '2024-06-04 15:25:56', '2024-06-04 15:25:56'),
(81, 'Dc hc', '2008-10-18', NULL, 'email1@eaut.edu.vn', '19001892', '2024-06-04 15:25:56', '2024-06-04 15:25:56'),
(82, 'Ti chnh ngn hng', '2008-10-19', NULL, 'email1@eaut.edu.vn', '19001892', '2024-06-04 15:25:56', '2024-06-04 15:25:56'),
(83, 'Lut', '2008-10-20', NULL, 'email1@eaut.edu.vn', '19001892', '2024-06-04 15:25:56', '2024-06-04 15:25:56'),
(84, 'Cng ngh ch to my', '2008-10-21', NULL, 'email1@eaut.edu.vn', '19001892', '2024-06-04 15:25:56', '2024-06-04 15:25:56'),
(85, 'K thut xy dng', '2008-10-22', NULL, 'email1@eaut.edu.vn', '19001892', '2024-06-04 15:25:56', '2024-06-04 15:25:56'),
(86, 'iu khin t ng ha', '2008-10-23', NULL, 'email1@eaut.edu.vn', '19001892', '2024-06-04 15:25:56', '2024-06-04 15:25:56'),
(87, 'Ngoi ng', '2008-10-24', NULL, 'email1@eaut.edu.vn', '19001892', '2024-06-04 15:25:56', '2024-06-04 15:25:56'),
(88, 'Khoa c bn', '2008-10-25', NULL, 'email1@eaut.edu.vn', '19001892', '2024-06-04 15:25:56', '2024-06-04 15:25:56'),
(89, 'Khoa Marketing', NULL, NULL, NULL, NULL, '2024-06-04 15:38:25', '2024-06-04 15:38:25'),
(90, 'Khoa Cng ngh thc phm', NULL, NULL, NULL, NULL, '2024-06-04 15:38:25', '2024-06-04 15:38:25'),
(91, 'Khoa Qun tr kinh doanh', NULL, NULL, NULL, NULL, '2024-06-04 15:38:25', '2024-06-04 15:38:25'),
(92, 'Khoa Cng ngh  t', NULL, NULL, NULL, NULL, '2024-06-04 15:38:25', '2024-06-04 15:38:25'),
(93, 'Khoa Du lch khch sn', NULL, NULL, NULL, NULL, '2024-06-04 15:38:25', '2024-06-04 15:38:25');

-- --------------------------------------------------------

--
-- Table structure for table `function`
--

CREATE TABLE `function` (
  `ID` int(11) NOT NULL,
  `Name` varchar(255) DEFAULT NULL,
  `ModuleID` int(11) DEFAULT NULL,
  `Order` int(11) DEFAULT NULL
) ENGINE=InnoDB DEFAULT CHARSET=utf8mb4;

-- --------------------------------------------------------

--
-- Table structure for table `functioninrole`
--

CREATE TABLE `functioninrole` (
  `ID` int(11) NOT NULL,
  `FunctionID` int(11) DEFAULT NULL,
  `RoleID` int(11) DEFAULT NULL
) ENGINE=InnoDB DEFAULT CHARSET=utf8mb4;

-- --------------------------------------------------------

--
-- Table structure for table `jobposition`
--

CREATE TABLE `jobposition` (
  `StudyProgramJobPosition` varchar(255) DEFAULT NULL,
  `IDStudyProgram` int(11) DEFAULT NULL
) ENGINE=InnoDB DEFAULT CHARSET=utf8mb4;

-- --------------------------------------------------------

--
-- Table structure for table `module`
--

CREATE TABLE `module` (
  `ID` int(11) NOT NULL,
  `Name` varchar(255) DEFAULT NULL,
  `Order` int(11) DEFAULT NULL
) ENGINE=InnoDB DEFAULT CHARSET=utf8mb4;

-- --------------------------------------------------------

--
-- Table structure for table `point`
--

CREATE TABLE `point` (
  `ID` int(11) NOT NULL,
  `Frequent` varchar(255) DEFAULT NULL,
  `MidtermScore` float DEFAULT NULL,
  `FinalExamScore` float DEFAULT NULL,
  `AverageScore` float DEFAULT NULL,
  `Scores` float DEFAULT NULL,
  `LetterGrades` varchar(255) DEFAULT NULL,
  `ScoreScale10` float DEFAULT NULL,
  `ScoreScale4` float DEFAULT NULL,
  `ExcludingTBC` tinyint(1) DEFAULT NULL,
  `Semester` int(11) DEFAULT NULL,
  `Note` text DEFAULT NULL,
  `IDUser` int(11) DEFAULT NULL,
  `IDCourse` int(11) DEFAULT NULL,
  `CreateAt` timestamp NOT NULL DEFAULT current_timestamp(),
  `UpdateAt` timestamp NOT NULL DEFAULT current_timestamp() ON UPDATE current_timestamp()
) ENGINE=InnoDB DEFAULT CHARSET=utf8mb4;

--
-- Dumping data for table `point`
--

INSERT INTO `point` (`ID`, `Frequent`, `MidtermScore`, `FinalExamScore`, `AverageScore`, `Scores`, `LetterGrades`, `ScoreScale10`, `ScoreScale4`, `ExcludingTBC`, `Semester`, `Note`, `IDUser`, `IDCourse`, `CreateAt`, `UpdateAt`) VALUES
(123, '8', 9, 7.6, 8.7, -1, '3', NULL, NULL, NULL, NULL, 'k', 285, 148, '2024-06-04 15:45:59', '2024-06-04 15:45:59'),
(124, '6', 6, 4, 6, -1, '1', NULL, NULL, NULL, NULL, 'k', 286, 148, '2024-06-04 15:45:59', '2024-06-04 15:45:59'),
(125, '8', 9, 7.2, 8.7, -1, '3', NULL, NULL, NULL, NULL, 'k', 287, 148, '2024-06-04 15:45:59', '2024-06-04 15:45:59'),
(126, '6', 6, 8, 6, -1, '3', NULL, NULL, NULL, NULL, 'k', 288, 148, '2024-06-04 15:45:59', '2024-06-04 15:45:59'),
(127, '7', 8, 7.2, 7.7, -1, '3', NULL, NULL, NULL, NULL, 'k', 289, 148, '2024-06-04 15:45:59', '2024-06-04 15:45:59'),
(128, '10', 9, 8.4, 9.3, -1, '3.6', NULL, NULL, NULL, NULL, 'k', 290, 148, '2024-06-04 15:45:59', '2024-06-04 15:45:59'),
(129, '7', 7, 4.8, 7, -1, '2', NULL, NULL, NULL, NULL, 'k', 291, 148, '2024-06-04 15:45:59', '2024-06-04 15:45:59'),
(130, '8', 8, 6.8, 8, -1, '3', NULL, NULL, NULL, NULL, 'k', 292, 148, '2024-06-04 15:45:59', '2024-06-04 15:45:59'),
(131, '8', 7, 7.2, 7.3, -1, '3', NULL, NULL, NULL, NULL, 'k', 293, 148, '2024-06-04 15:45:59', '2024-06-04 15:45:59'),
(132, '6', 6, 6.4, 6, -1, '2', NULL, NULL, NULL, NULL, 'k', 294, 148, '2024-06-04 15:45:59', '2024-06-04 15:45:59'),
(133, '8', 9, 6.4, 8.7, -1, '3', NULL, NULL, NULL, NULL, 'k', 295, 148, '2024-06-04 15:45:59', '2024-06-04 15:45:59'),
(134, '7', 7, 6.8, 7, -1, '2.5', NULL, NULL, NULL, NULL, 'k', 296, 148, '2024-06-04 15:45:59', '2024-06-04 15:45:59'),
(135, '7', 9, 6, 8.3, -1, '2.5', NULL, NULL, NULL, NULL, 'k', 297, 148, '2024-06-04 15:45:59', '2024-06-04 15:45:59'),
(136, '7', 6, 6.8, 6.3, -1, '2.5', NULL, NULL, NULL, NULL, 'k', 298, 148, '2024-06-04 15:45:59', '2024-06-04 15:45:59'),
(137, '9', 9, 8.2, 9, -1, '3.2', NULL, NULL, NULL, NULL, 'k', 299, 148, '2024-06-04 15:45:59', '2024-06-04 15:45:59'),
(138, '7', 6, 8, 6.3, -1, '3', NULL, NULL, NULL, NULL, 'k', 300, 148, '2024-06-04 15:45:59', '2024-06-04 15:45:59'),
(139, '-1', -1, -1, 0, -1, '0', NULL, NULL, NULL, NULL, 'K', 301, 148, '2024-06-04 15:45:59', '2024-06-04 15:45:59'),
(140, '7', 6, 8, 6.3, -1, '3', NULL, NULL, NULL, NULL, 'K', 302, 148, '2024-06-04 15:45:59', '2024-06-04 15:45:59'),
(141, '7', 6, 6.8, 6.3, -1, '2.5', NULL, NULL, NULL, NULL, 'K', 303, 148, '2024-06-04 15:45:59', '2024-06-04 15:45:59'),
(142, '8', 6, 6.4, 6.7, -1, '2.5', NULL, NULL, NULL, NULL, 'K', 304, 148, '2024-06-04 15:45:59', '2024-06-04 15:45:59'),
(143, '7', 7, 7.6, 7, -1, '3', NULL, NULL, NULL, NULL, 'K', 305, 148, '2024-06-04 15:45:59', '2024-06-04 15:45:59'),
(144, '8', 7, 6.8, 7.3, -1, '3', NULL, NULL, NULL, NULL, 'K', 306, 148, '2024-06-04 15:45:59', '2024-06-04 15:45:59'),
(145, '8', 9, 6.4, 8.7, -1, '3', NULL, NULL, NULL, NULL, 'K', 307, 148, '2024-06-04 15:45:59', '2024-06-04 15:45:59'),
(146, '8', 6, 6.4, 6.7, -1, '2.5', NULL, NULL, NULL, NULL, 'K', 308, 148, '2024-06-04 15:45:59', '2024-06-04 15:45:59'),
(147, '7', 6, 6.4, 6.3, -1, '2', NULL, NULL, NULL, NULL, 'K', 309, 148, '2024-06-04 15:45:59', '2024-06-04 15:45:59'),
(148, '7', 7, 5.6, 7, -1, '2', NULL, NULL, NULL, NULL, 'K', 310, 148, '2024-06-04 15:45:59', '2024-06-04 15:45:59'),
(149, '7', 6, 5.2, 6.3, -1, '2', NULL, NULL, NULL, NULL, 'K', 311, 148, '2024-06-04 15:45:59', '2024-06-04 15:45:59'),
(150, '8', 6, 6.8, 6.7, -1, '2.5', NULL, NULL, NULL, NULL, 'K', 312, 148, '2024-06-04 15:45:59', '2024-06-04 15:45:59'),
(151, '7', 8, 6, 7.7, -1, '2.5', NULL, NULL, NULL, NULL, 'K', 313, 148, '2024-06-04 15:45:59', '2024-06-04 15:45:59'),
(152, '6', 6, 7.2, 6, -1, '2.5', NULL, NULL, NULL, NULL, 'K', 314, 148, '2024-06-04 15:46:00', '2024-06-04 15:46:00'),
(153, '-1', -1, -1, 0, -1, '0', NULL, NULL, NULL, NULL, 'K', 315, 148, '2024-06-04 15:46:00', '2024-06-04 15:46:00'),
(154, '8', 7, 7.2, 7.3, -1, '3', NULL, NULL, NULL, NULL, 'K', 316, 148, '2024-06-04 15:46:00', '2024-06-04 15:46:00'),
(155, '7', 7, 6.8, 7, -1, '2.5', NULL, NULL, NULL, NULL, 'K', 317, 148, '2024-06-04 15:46:00', '2024-06-04 15:46:00'),
(156, '6', 6, 6.4, 6, -1, '2', NULL, NULL, NULL, NULL, 'K', 318, 148, '2024-06-04 15:46:00', '2024-06-04 15:46:00'),
(157, '6', 6, 8, 6, -1, '3', NULL, NULL, NULL, NULL, 'K', 319, 148, '2024-06-04 15:46:00', '2024-06-04 15:46:00'),
(158, '7', 9, 7.8, 8.3, -1, '3.2', NULL, NULL, NULL, NULL, 'K', 320, 148, '2024-06-04 15:46:00', '2024-06-04 15:46:00'),
(159, '6', 9, 7.6, 8, -1, '3', NULL, NULL, NULL, NULL, 'K', 321, 148, '2024-06-04 15:46:00', '2024-06-04 15:46:00'),
(160, '8', 7, 5.6, 7.3, -1, '2', NULL, NULL, NULL, NULL, 'K', 322, 148, '2024-06-04 15:46:00', '2024-06-04 15:46:00'),
(161, '7', 8, 8.6, 7.7, -1, '3.2', NULL, NULL, NULL, NULL, 'K', 323, 148, '2024-06-04 15:46:00', '2024-06-04 15:46:00'),
(162, '8', 9, 8.4, 8.7, -1, '3.6', NULL, NULL, NULL, NULL, 'K', 324, 148, '2024-06-04 15:46:00', '2024-06-04 15:46:00'),
(163, '7', 9, 7.6, 8.3, -1, '3', NULL, NULL, NULL, NULL, 'K', 325, 148, '2024-06-04 15:46:00', '2024-06-04 15:46:00'),
(164, '8', 9, 7.8, 8.7, -1, '3.2', NULL, NULL, NULL, NULL, 'K', 326, 148, '2024-06-04 15:46:00', '2024-06-04 15:46:00'),
(165, '7', 7, 6.4, 7, -1, '2.5', NULL, NULL, NULL, NULL, 'K', 327, 148, '2024-06-04 15:46:00', '2024-06-04 15:46:00'),
(166, '8', 6, 6, 6.7, -1, '2', NULL, NULL, NULL, NULL, 'K', 328, 148, '2024-06-04 15:46:00', '2024-06-04 15:46:00'),
(167, '8', 6, 7.3, 6.7, -1, '3', NULL, NULL, NULL, NULL, 'K', 329, 148, '2024-06-04 15:46:00', '2024-06-04 15:46:00'),
(168, '7', 6, 7.6, 6.3, -1, '3', NULL, NULL, NULL, NULL, 'K', 330, 148, '2024-06-04 15:46:00', '2024-06-04 15:46:00'),
(169, '6', 7, 8.6, 6.7, -1, '3.2', NULL, NULL, NULL, NULL, 'K', 331, 148, '2024-06-04 15:46:00', '2024-06-04 15:46:00'),
(170, '7', 6, 6.5, 6.3, -1, '2.5', NULL, NULL, NULL, NULL, 'K', 332, 148, '2024-06-04 15:46:00', '2024-06-04 15:46:00'),
(171, '6', 7, 4.9, 6.7, -1, '1.5', NULL, NULL, NULL, NULL, 'K', 333, 148, '2024-06-04 15:46:00', '2024-06-04 15:46:00');

-- --------------------------------------------------------

--
-- Table structure for table `relatives`
--

CREATE TABLE `relatives` (
  `id` int(11) NOT NULL,
  `studentId` int(11) NOT NULL,
  `Name` varchar(255) NOT NULL,
  `dateOfBirth` date DEFAULT NULL,
  `occupation` varchar(255) DEFAULT NULL,
  `nationality` varchar(255) DEFAULT NULL,
  `permanentResidence` varchar(255) DEFAULT NULL,
  `ethnicity` varchar(255) DEFAULT NULL,
  `religion` varchar(255) DEFAULT NULL,
  `createdAt` timestamp NOT NULL DEFAULT current_timestamp(),
  `updatedAt` timestamp NOT NULL DEFAULT current_timestamp() ON UPDATE current_timestamp(),
  `Role` varchar(255) DEFAULT NULL,
  `PhoneNumber` varchar(255) DEFAULT NULL
) ENGINE=InnoDB DEFAULT CHARSET=utf8mb4;

--
-- Dumping data for table `relatives`
--

INSERT INTO `relatives` (`id`, `studentId`, `Name`, `dateOfBirth`, `occupation`, `nationality`, `permanentResidence`, `ethnicity`, `religion`, `createdAt`, `updatedAt`, `Role`, `PhoneNumber`) VALUES
(21, 215, 'Nguyn Vit Qun', NULL, NULL, NULL, NULL, NULL, NULL, '2024-06-04 15:34:43', '2024-06-04 15:34:43', 'B', '352593469'),
(22, 215, 'inh Th Xoan', NULL, NULL, NULL, NULL, NULL, NULL, '2024-06-04 15:34:43', '2024-06-04 15:34:43', 'M', '352593469'),
(23, 216, 'Nguyn Vit Qun', NULL, NULL, NULL, NULL, NULL, NULL, '2024-06-04 15:34:43', '2024-06-04 15:34:43', 'B', '352593469'),
(24, 216, 'inh Th Xoan', NULL, NULL, NULL, NULL, NULL, NULL, '2024-06-04 15:34:43', '2024-06-04 15:34:43', 'M', '352593469'),
(25, 217, 'Nguyn Vit Qun', NULL, NULL, NULL, NULL, NULL, NULL, '2024-06-04 15:34:43', '2024-06-04 15:34:43', 'B', '352593469'),
(26, 217, 'inh Th Xoan', NULL, NULL, NULL, NULL, NULL, NULL, '2024-06-04 15:34:43', '2024-06-04 15:34:43', 'M', '352593469'),
(27, 218, 'Nguyn Vit Qun', NULL, NULL, NULL, NULL, NULL, NULL, '2024-06-04 15:34:43', '2024-06-04 15:34:43', 'B', '352593469'),
(28, 218, 'inh Th Xoan', NULL, NULL, NULL, NULL, NULL, NULL, '2024-06-04 15:34:43', '2024-06-04 15:34:43', 'M', '352593469'),
(29, 219, 'Nguyn Vit Qun', NULL, NULL, NULL, NULL, NULL, NULL, '2024-06-04 15:34:43', '2024-06-04 15:34:43', 'B', '352593469'),
(30, 219, 'inh Th Xoan', NULL, NULL, NULL, NULL, NULL, NULL, '2024-06-04 15:34:43', '2024-06-04 15:34:43', 'M', '352593469'),
(31, 220, 'Nguyn Vit Qun', NULL, NULL, NULL, NULL, NULL, NULL, '2024-06-04 15:34:43', '2024-06-04 15:34:43', 'B', '352593469'),
(32, 220, 'inh Th Xoan', NULL, NULL, NULL, NULL, NULL, NULL, '2024-06-04 15:34:43', '2024-06-04 15:34:43', 'M', '352593469'),
(33, 221, 'Nguyn Vit Qun', NULL, NULL, NULL, NULL, NULL, NULL, '2024-06-04 15:34:43', '2024-06-04 15:34:43', 'B', '352593469'),
(34, 221, 'inh Th Xoan', NULL, NULL, NULL, NULL, NULL, NULL, '2024-06-04 15:34:43', '2024-06-04 15:34:43', 'M', '352593469'),
(35, 222, 'Nguyn Vit Qun', NULL, NULL, NULL, NULL, NULL, NULL, '2024-06-04 15:34:43', '2024-06-04 15:34:43', 'B', '352593469'),
(36, 222, 'inh Th Xoan', NULL, NULL, NULL, NULL, NULL, NULL, '2024-06-04 15:34:43', '2024-06-04 15:34:43', 'M', '352593469'),
(37, 223, 'Nguyn Vit Qun', NULL, NULL, NULL, NULL, NULL, NULL, '2024-06-04 15:34:43', '2024-06-04 15:34:43', 'B', '352593469'),
(38, 223, 'inh Th Xoan', NULL, NULL, NULL, NULL, NULL, NULL, '2024-06-04 15:34:43', '2024-06-04 15:34:43', 'M', '352593469'),
(39, 224, 'Nguyn Vit Qun', NULL, NULL, NULL, NULL, NULL, NULL, '2024-06-04 15:34:43', '2024-06-04 15:34:43', 'B', '352593469'),
(40, 224, 'inh Th Xoan', NULL, NULL, NULL, NULL, NULL, NULL, '2024-06-04 15:34:43', '2024-06-04 15:34:43', 'M', '352593469'),
(41, 225, 'Nguyn Vit Qun', NULL, NULL, NULL, NULL, NULL, NULL, '2024-06-04 15:34:43', '2024-06-04 15:34:43', 'B', '352593469'),
(42, 225, 'inh Th Xoan', NULL, NULL, NULL, NULL, NULL, NULL, '2024-06-04 15:34:43', '2024-06-04 15:34:43', 'M', '352593469'),
(43, 226, 'Nguyn Vit Qun', NULL, NULL, NULL, NULL, NULL, NULL, '2024-06-04 15:34:44', '2024-06-04 15:34:44', 'B', '352593469'),
(44, 226, 'inh Th Xoan', NULL, NULL, NULL, NULL, NULL, NULL, '2024-06-04 15:34:44', '2024-06-04 15:34:44', 'M', '352593469'),
(45, 227, 'Nguyn Vit Qun', NULL, NULL, NULL, NULL, NULL, NULL, '2024-06-04 15:34:44', '2024-06-04 15:34:44', 'B', '352593469'),
(46, 227, 'inh Th Xoan', NULL, NULL, NULL, NULL, NULL, NULL, '2024-06-04 15:34:44', '2024-06-04 15:34:44', 'M', '352593469'),
(47, 228, 'Nguyn Vit Qun', NULL, NULL, NULL, NULL, NULL, NULL, '2024-06-04 15:34:44', '2024-06-04 15:34:44', 'B', '352593469'),
(48, 228, 'inh Th Xoan', NULL, NULL, NULL, NULL, NULL, NULL, '2024-06-04 15:34:44', '2024-06-04 15:34:44', 'M', '352593469'),
(49, 229, 'Nguyn Vit Qun', NULL, NULL, NULL, NULL, NULL, NULL, '2024-06-04 15:34:44', '2024-06-04 15:34:44', 'B', '352593469'),
(50, 229, 'inh Th Xoan', NULL, NULL, NULL, NULL, NULL, NULL, '2024-06-04 15:34:44', '2024-06-04 15:34:44', 'M', '352593469'),
(51, 230, 'Nguyn Vit Qun', NULL, NULL, NULL, NULL, NULL, NULL, '2024-06-04 15:34:44', '2024-06-04 15:34:44', 'B', '352593469'),
(52, 230, 'inh Th Xoan', NULL, NULL, NULL, NULL, NULL, NULL, '2024-06-04 15:34:44', '2024-06-04 15:34:44', 'M', '352593469'),
(53, 231, 'Nguyn Vit Qun', NULL, NULL, NULL, NULL, NULL, NULL, '2024-06-04 15:34:44', '2024-06-04 15:34:44', 'B', '352593469'),
(54, 231, 'inh Th Xoan', NULL, NULL, NULL, NULL, NULL, NULL, '2024-06-04 15:34:44', '2024-06-04 15:34:44', 'M', '352593469'),
(55, 232, 'Nguyn Vit Qun', NULL, NULL, NULL, NULL, NULL, NULL, '2024-06-04 15:34:44', '2024-06-04 15:34:44', 'B', '352593469'),
(56, 232, 'inh Th Xoan', NULL, NULL, NULL, NULL, NULL, NULL, '2024-06-04 15:34:44', '2024-06-04 15:34:44', 'M', '352593469'),
(57, 233, 'Nguyn Vit Qun', NULL, NULL, NULL, NULL, NULL, NULL, '2024-06-04 15:34:44', '2024-06-04 15:34:44', 'B', '352593469'),
(58, 233, 'inh Th Xoan', NULL, NULL, NULL, NULL, NULL, NULL, '2024-06-04 15:34:44', '2024-06-04 15:34:44', 'M', '352593469'),
(59, 234, 'Nguyn Vit Qun', NULL, NULL, NULL, NULL, NULL, NULL, '2024-06-04 15:34:44', '2024-06-04 15:34:44', 'B', '352593469'),
(60, 234, 'inh Th Xoan', NULL, NULL, NULL, NULL, NULL, NULL, '2024-06-04 15:34:44', '2024-06-04 15:34:44', 'M', '352593469'),
(61, 235, 'Nguyn Vit Qun', NULL, NULL, NULL, NULL, NULL, NULL, '2024-06-04 15:34:44', '2024-06-04 15:34:44', 'B', '352593469'),
(62, 235, 'inh Th Xoan', NULL, NULL, NULL, NULL, NULL, NULL, '2024-06-04 15:34:44', '2024-06-04 15:34:44', 'M', '352593469'),
(63, 236, 'Nguyn Vit Qun', NULL, NULL, NULL, NULL, NULL, NULL, '2024-06-04 15:34:44', '2024-06-04 15:34:44', 'B', '352593469'),
(64, 236, 'inh Th Xoan', NULL, NULL, NULL, NULL, NULL, NULL, '2024-06-04 15:34:44', '2024-06-04 15:34:44', 'M', '352593469'),
(65, 237, 'Nguyn Vit Qun', NULL, NULL, NULL, NULL, NULL, NULL, '2024-06-04 15:34:44', '2024-06-04 15:34:44', 'B', '352593469'),
(66, 237, 'inh Th Xoan', NULL, NULL, NULL, NULL, NULL, NULL, '2024-06-04 15:34:44', '2024-06-04 15:34:44', 'M', '352593469'),
(67, 238, 'Nguyn Vit Qun', NULL, NULL, NULL, NULL, NULL, NULL, '2024-06-04 15:34:44', '2024-06-04 15:34:44', 'B', '352593469'),
(68, 238, 'inh Th Xoan', NULL, NULL, NULL, NULL, NULL, NULL, '2024-06-04 15:34:44', '2024-06-04 15:34:44', 'M', '352593469'),
(69, 239, 'Nguyn Vit Qun', NULL, NULL, NULL, NULL, NULL, NULL, '2024-06-04 15:34:44', '2024-06-04 15:34:44', 'B', '352593469'),
(70, 239, 'inh Th Xoan', NULL, NULL, NULL, NULL, NULL, NULL, '2024-06-04 15:34:44', '2024-06-04 15:34:44', 'M', '352593469');

-- --------------------------------------------------------

--
-- Table structure for table `reward`
--

CREATE TABLE `reward` (
  `ID` int(11) NOT NULL,
  `RewardName` varchar(255) DEFAULT NULL,
  `ReceivedDate` date DEFAULT NULL,
  `Achievements` text DEFAULT NULL,
  `Describe` text DEFAULT NULL,
  `Contact` varchar(255) DEFAULT NULL,
  `CreateAt` timestamp NOT NULL DEFAULT current_timestamp(),
  `UpdateAt` timestamp NOT NULL DEFAULT current_timestamp() ON UPDATE current_timestamp()
) ENGINE=InnoDB DEFAULT CHARSET=utf8mb4;

-- --------------------------------------------------------

--
-- Table structure for table `role`
--

CREATE TABLE `role` (
  `ID` int(11) NOT NULL,
  `Name` varchar(255) DEFAULT NULL,
  `Order` int(11) DEFAULT NULL
) ENGINE=InnoDB DEFAULT CHARSET=utf8mb4;

--
-- Dumping data for table `role`
--

INSERT INTO `role` (`ID`, `Name`, `Order`) VALUES
(1, 'Admin', 1),
(2, 'Lecturers', 2),
(3, 'User', 3);

-- --------------------------------------------------------

--
-- Table structure for table `studyprogram`
--

CREATE TABLE `studyprogram` (
  `ID` int(11) NOT NULL,
  `ProgramName` varchar(255) DEFAULT NULL,
  `Key` varchar(255) DEFAULT NULL,
  `CreditNumber` varchar(255) DEFAULT NULL,
  `CompletionTime` varchar(255) DEFAULT NULL,
  `Describe` text DEFAULT NULL,
  `IdFaculty` int(11) DEFAULT NULL,
  `CodeStudyProgram` varchar(255) DEFAULT NULL,
  `EducationalLevel` varchar(255) DEFAULT NULL,
  `TypeOfEducation` varchar(255) DEFAULT NULL,
  `Diploma` varchar(255) DEFAULT NULL,
  `LanguageOfInstruction` varchar(255) DEFAULT NULL,
  `GradingScale` int(11) DEFAULT NULL,
  `GraduationRequirements` text DEFAULT NULL,
  `Extend` varchar(255) DEFAULT NULL,
  `CreateAt` timestamp NOT NULL DEFAULT current_timestamp(),
  `UpdateAt` timestamp NOT NULL DEFAULT current_timestamp() ON UPDATE current_timestamp()
) ENGINE=InnoDB DEFAULT CHARSET=utf8mb4;

--
-- Dumping data for table `studyprogram`
--

INSERT INTO `studyprogram` (`ID`, `ProgramName`, `Key`, `CreditNumber`, `CompletionTime`, `Describe`, `IdFaculty`, `CodeStudyProgram`, `EducationalLevel`, `TypeOfEducation`, `Diploma`, `LanguageOfInstruction`, `GradingScale`, `GraduationRequirements`, `Extend`, `CreateAt`, `UpdateAt`) VALUES
(4, 'Cng ngh thng tin', '12', '', '', NULL, 73, '', '', '', '', '', 0, '', '', '2024-06-04 15:35:43', '2024-06-04 15:35:43');

-- --------------------------------------------------------

--
-- Table structure for table `user`
--

CREATE TABLE `user` (
  `ID` int(11) NOT NULL,
  `Msv` varchar(255) DEFAULT NULL,
  `FirstName` varchar(255) DEFAULT NULL,
  `LastName` varchar(255) DEFAULT NULL,
  `FullName` varchar(255) DEFAULT NULL,
  `UserName` varchar(255) DEFAULT NULL,
  `Password` varchar(255) DEFAULT NULL,
  `Gender` varchar(255) DEFAULT NULL,
  `Email` varchar(255) DEFAULT NULL,
  `Avatar` varchar(255) DEFAULT NULL,
  `RefreshToken` varchar(255) DEFAULT NULL,
  `Locked` tinyint(1) DEFAULT NULL,
  `DateOfBirth` date DEFAULT NULL,
  `IDClass` int(11) DEFAULT NULL,
  `Key` varchar(255) DEFAULT NULL,
  `status` varchar(255) DEFAULT NULL,
  `EthnicGroup` varchar(255) DEFAULT NULL,
  `Hometown` text DEFAULT NULL,
  `PermanentResidence` text DEFAULT NULL,
  `PhoneNumber` varchar(255) DEFAULT NULL,
  `CreateAt` timestamp NOT NULL DEFAULT current_timestamp(),
  `UpdateAt` timestamp NOT NULL DEFAULT current_timestamp() ON UPDATE current_timestamp()
) ENGINE=InnoDB DEFAULT CHARSET=utf8mb4;

--
-- Dumping data for table `user`
--

INSERT INTO `user` (`ID`, `Msv`, `FirstName`, `LastName`, `FullName`, `UserName`, `Password`, `Gender`, `Email`, `Avatar`, `RefreshToken`, `Locked`, `DateOfBirth`, `IDClass`, `Key`, `status`, `EthnicGroup`, `Hometown`, `PermanentResidence`, `PhoneNumber`, `CreateAt`, `UpdateAt`) VALUES
(213, NULL, NULL, NULL, 'Nguyn Th Mnh', 'Manhz2003', '$2b$10$AyLwIiMa1U7EYqUlR8J3GuF1/LnYEjBZ2bYTIamEP1nUmyL2KbdHa', NULL, 'manh@eaut.edu.vn', NULL, 'eyJhbGciOiJIUzI1NiIsInR5cCI6IkpXVCJ9.eyJpZCI6MjEzLCJyb2xlIjoiQWRtaW4iLCJpYXQiOjE3MTc1MTg3MjksImV4cCI6MTc0OTA1NDcyOX0.5ke6WE_2lpYt-Be2pWbaoX7P67I_BQkRLnxFYI9wy4A', NULL, NULL, NULL, NULL, NULL, NULL, NULL, NULL, NULL, '2024-06-04 15:23:38', '2024-06-04 16:32:09'),
(214, NULL, NULL, NULL, 'abc', 'manhz2003', '$2b$10$JyBrGKVsSY.FgYKttfZK.es0BBNPmHDvY18tb5cBKOh60CfUtTNve', NULL, '20210719@eaut.edu.vn', NULL, NULL, NULL, NULL, NULL, NULL, NULL, NULL, NULL, NULL, NULL, '2024-06-04 15:24:27', '2024-06-04 15:24:27'),
(215, '20210011', NULL, NULL, 'Nguyn Th Mnh', '20210011@eaut.edu.vn', '$2b$10$Su4wzV4AKKvLFH48.nREH.Bc7eFKfHx3pQHrg8paqDPdixn4wzoNu', 'Nam', 'abc@gmail.com', NULL, NULL, NULL, '2003-09-20', 51, '12', 'active', 'Kinh', 'Ba V', 'Ba V H Ni', '352593469', '2024-06-04 15:34:43', '2024-06-04 15:54:01'),
(216, '20210012', NULL, NULL, 'Nguyn Th Mnh', '20210012@eaut.edu.vn', '$2b$10$TX0DGhj7Zg3voaQRkwSUAuft1kunbc95WgGssbsAzEKdVbog8ntnW', 'Nam', 'abc@gmail.com', NULL, NULL, NULL, '2003-09-21', 51, '12', 'active', 'Kinh', 'Ba V', 'Ba V H Ni', '352593469', '2024-06-04 15:34:43', '2024-06-04 15:54:05'),
(217, '20210013', NULL, NULL, 'Nguyn Th Mnh', '20210013@eaut.edu.vn', '$2b$10$KT.iONX2cLeTv4ZjJncu2elLJTiWpWnIXnnTMtk1zEoEd0CgLNtZ.', 'Nam', 'abc@gmail.com', NULL, NULL, NULL, '2003-09-22', 51, '3', 'active', 'Kinh', 'Ba V', 'Ba V H Ni', '352593469', '2024-06-04 15:34:43', '2024-06-04 15:34:43'),
(218, '20210014', NULL, NULL, 'Nguyn Th Mnh', '20210014@eaut.edu.vn', '$2b$10$USdqkMquO0IPEB7eaHh0IuibS.MBwWj.8ruZMTGDqv9erZ970U05i', 'Nam', 'abc@gmail.com', NULL, NULL, NULL, '2003-09-23', 51, '3', 'active', 'Kinh', 'Ba V', 'Ba V H Ni', '352593469', '2024-06-04 15:34:43', '2024-06-04 15:34:43'),
(219, '20210015', NULL, NULL, 'Nguyn Th Mnh', '20210015@eaut.edu.vn', '$2b$10$/sDlePVYnHh4Xz03t3LOz.flk0VMfbfr11xkgEB8JzvoCocIoUxRu', 'Nam', 'abc@gmail.com', NULL, NULL, NULL, '2003-09-24', 51, '3', 'active', 'Kinh', 'Ba V', 'Ba V H Ni', '352593469', '2024-06-04 15:34:43', '2024-06-04 15:34:43'),
(220, '20210016', NULL, NULL, 'Nguyn Th Mnh', '20210016@eaut.edu.vn', '$2b$10$e0uVZdL4jeGsj/AjiMUjKup4ijp0ndoh5EeVjzKeMATeqwQVf1HX6', 'Nam', 'abc@gmail.com', NULL, NULL, NULL, '2003-09-25', 51, '3', 'active', 'Kinh', 'Ba V', 'Ba V H Ni', '352593469', '2024-06-04 15:34:43', '2024-06-04 15:34:43'),
(221, '20210017', NULL, NULL, 'Nguyn Th Mnh', '20210017@eaut.edu.vn', '$2b$10$vTBHYx7dtE31hP7ur5WsouIIN0l5HziiCs67Ub6YJUmPigsZBlKqG', 'Nam', 'abc@gmail.com', NULL, NULL, NULL, '2003-09-26', 51, '3', 'active', 'Kinh', 'Ba V', 'Ba V H Ni', '352593469', '2024-06-04 15:34:43', '2024-06-04 15:34:43'),
(222, '20210018', NULL, NULL, 'Nguyn Th Mnh', '20210018@eaut.edu.vn', '$2b$10$m5uPab1esO4n7lSEz9/r1u43SCQ11d4ONMV3AIzu.42KNut5kHDH6', 'Nam', 'abc@gmail.com', NULL, NULL, NULL, '2003-09-27', 51, '3', 'active', 'Kinh', 'Ba V', 'Ba V H Ni', '352593469', '2024-06-04 15:34:43', '2024-06-04 15:34:43'),
(223, '20210019', NULL, NULL, 'Nguyn Th Mnh', '20210019@eaut.edu.vn', '$2b$10$ffu/cNtUTETeevhA/x9SteC0V4Shf1MLWOL/28Yq/zX5r3vm.5tlO', 'Nam', 'abc@gmail.com', NULL, NULL, NULL, '2003-09-28', 51, '3', 'active', 'Kinh', 'Ba V', 'Ba V H Ni', '352593469', '2024-06-04 15:34:43', '2024-06-04 15:34:43'),
(224, '20210020', NULL, NULL, 'Nguyn Th Mnh', '20210020@eaut.edu.vn', '$2b$10$mY/MHWaecZQ/eGx25E2vGOWPnDoYeHDKc1Kf5ubPlZA0VoEdQOyiq', 'Nam', 'abc@gmail.com', NULL, NULL, NULL, '2003-09-29', 51, '3', 'active', 'Kinh', 'Ba V', 'Ba V H Ni', '352593469', '2024-06-04 15:34:43', '2024-06-04 15:34:43'),
(225, '20210021', NULL, NULL, 'Nguyn Th Mnh', '20210021@eaut.edu.vn', '$2b$10$TqMXagE6p1q2ESHb2kklxuJ0crXNfK7K7tnE64vgDVNrQv6gaBllC', 'Nam', 'abc@gmail.com', NULL, NULL, NULL, '2003-09-30', 51, '3', 'active', 'Kinh', 'Ba V', 'Ba V H Ni', '352593469', '2024-06-04 15:34:43', '2024-06-04 15:34:43'),
(226, '20210022', NULL, NULL, 'Nguyn Th Mnh', '20210022@eaut.edu.vn', '$2b$10$M.JKHJbPJHxnWEdnYlsNO.bU4ZqXC1eOJdGzQCvAMO4wiIXeJvM1u', 'Nam', 'abc@gmail.com', NULL, NULL, NULL, '2003-10-01', 51, '3', 'active', 'Kinh', 'Ba V', 'Ba V H Ni', '352593469', '2024-06-04 15:34:44', '2024-06-04 15:34:44'),
(227, '20210023', NULL, NULL, 'Nguyn Th Mnh', '20210023@eaut.edu.vn', '$2b$10$oOdxQm/XXx9fNULaHiGiMOZbxlFUOEOc06dBmeXXiJ4EGOTL3tMYK', 'Nam', 'abc@gmail.com', NULL, NULL, NULL, '2003-10-02', 51, '3', 'active', 'Kinh', 'Ba V', 'Ba V H Ni', '352593469', '2024-06-04 15:34:44', '2024-06-04 15:34:44'),
(228, '20210024', NULL, NULL, 'Nguyn Th Mnh', '20210024@eaut.edu.vn', '$2b$10$SkqsZbnuecWby4i/XLVanOuxq3iJAxaUaWwQSwGcN7/i0FyxMO6y.', 'Nam', 'abc@gmail.com', NULL, NULL, NULL, '2003-10-03', 51, '3', 'active', 'Kinh', 'Ba V', 'Ba V H Ni', '352593469', '2024-06-04 15:34:44', '2024-06-04 15:34:44'),
(229, '20210025', NULL, NULL, 'Nguyn Th Mnh', '20210025@eaut.edu.vn', '$2b$10$5/daMLJDZzt0yXXghtUgqOxYzv/DBN4kvIsOs3jnMJbi2vXF/dR4m', 'Nam', 'abc@gmail.com', NULL, NULL, NULL, '2003-10-04', 51, '3', 'active', 'Kinh', 'Ba V', 'Ba V H Ni', '352593469', '2024-06-04 15:34:44', '2024-06-04 15:34:44'),
(230, '20210026', NULL, NULL, 'Nguyn Th Mnh', '20210026@eaut.edu.vn', '$2b$10$ZMAZ7ebnh1WQnA3Qku8Jle7sfjHOBagkpZQBgHn3DcHTdFES1NIgC', 'Nam', 'abc@gmail.com', NULL, NULL, NULL, '2003-10-05', 51, '3', 'active', 'Kinh', 'Ba V', 'Ba V H Ni', '352593469', '2024-06-04 15:34:44', '2024-06-04 15:34:44'),
(231, '20210027', NULL, NULL, 'Nguyn Th Mnh', '20210027@eaut.edu.vn', '$2b$10$v0Jsjw0xGH3gauz7DWc5MOnvyOGD9xtPUJCqF7UClQKj5u37Fr0qG', 'Nam', 'abc@gmail.com', NULL, NULL, NULL, '2003-10-06', 51, '3', 'active', 'Kinh', 'Ba V', 'Ba V H Ni', '352593469', '2024-06-04 15:34:44', '2024-06-04 15:34:44'),
(232, '20210028', NULL, NULL, 'Nguyn Th Mnh', '20210028@eaut.edu.vn', '$2b$10$/1qpk34BobJ3..merpkTPuMdEmvejT.UbasNqQwCkncq.aBAVOvyS', 'Nam', 'abc@gmail.com', NULL, NULL, NULL, '2003-10-07', 51, '3', 'active', 'Kinh', 'Ba V', 'Ba V H Ni', '352593469', '2024-06-04 15:34:44', '2024-06-04 15:34:44'),
(233, '20210029', NULL, NULL, 'Nguyn Th Mnh', '20210029@eaut.edu.vn', '$2b$10$eKwiJXU3dCHLXzxyw4WCy.4Lh93rMCeGnlarT/d/w.n8ro/JV1mAe', 'Nam', 'abc@gmail.com', NULL, NULL, NULL, '2003-10-08', 51, '3', 'active', 'Kinh', 'Ba V', 'Ba V H Ni', '352593469', '2024-06-04 15:34:44', '2024-06-04 15:34:44'),
(234, '20210030', NULL, NULL, 'Nguyn Th Mnh', '20210030@eaut.edu.vn', '$2b$10$JdP10Htp9O1eOJpqBdYYtu6zpsWZTySCUlXXr2b8XBJKvWo7n1N5W', 'Nam', 'abc@gmail.com', NULL, NULL, NULL, '2003-10-09', 51, '3', 'active', 'Kinh', 'Ba V', 'Ba V H Ni', '352593469', '2024-06-04 15:34:44', '2024-06-04 15:34:44'),
(235, '20210031', NULL, NULL, 'Nguyn Th Mnh', '20210031@eaut.edu.vn', '$2b$10$r3yAvItkT837RLB1B2gsXuwN6ZLNqZvbdUrlWJ16ZUgKOvHdcFf2C', 'Nam', 'abc@gmail.com', NULL, NULL, NULL, '2003-10-10', 51, '3', 'active', 'Kinh', 'Ba V', 'Ba V H Ni', '352593469', '2024-06-04 15:34:44', '2024-06-04 15:34:44'),
(236, '20210032', NULL, NULL, 'Nguyn Th Mnh', '20210032@eaut.edu.vn', '$2b$10$sAK1HyZPytFKeCknmuqos.xRMNvvccg8xH51wObt8Krf3LUm7azFO', 'Nam', 'abc@gmail.com', NULL, NULL, NULL, '2003-10-11', 51, '3', 'active', 'Kinh', 'Ba V', 'Ba V H Ni', '352593469', '2024-06-04 15:34:44', '2024-06-04 15:34:44'),
(237, '20210033', NULL, NULL, 'Nguyn Th Mnh', '20210033@eaut.edu.vn', '$2b$10$079WeIBVWwJXh7KHABvSvOBEIXR93Ydvckt8WrCVmiyzqeJaGDiPi', 'Nam', 'abc@gmail.com', NULL, NULL, NULL, '2003-10-12', 51, '3', 'active', 'Kinh', 'Ba V', 'Ba V H Ni', '352593469', '2024-06-04 15:34:44', '2024-06-04 15:34:44'),
(238, '20210034', NULL, NULL, 'Nguyn Th Mnh', '20210034@eaut.edu.vn', '$2b$10$6Of.eej.Lyf0hea9qluyV.BFz5PselBG/HZPTJgrQavicRG4TJEIy', 'Nam', 'abc@gmail.com', NULL, NULL, NULL, '2003-10-13', 51, '3', 'active', 'Kinh', 'Ba V', 'Ba V H Ni', '352593469', '2024-06-04 15:34:44', '2024-06-04 15:34:44'),
(239, '20210035', NULL, NULL, 'Nguyn Th Mnh', '20210035@eaut.edu.vn', '$2b$10$2s.dcfRI0WRDg/MyptV6Qe1.54TGZ8TotqkmJ5l/nQeb8cYHxSjKq', 'Nam', 'abc@gmail.com', NULL, NULL, NULL, '2003-10-14', 51, '3', 'active', 'Kinh', 'Ba V', 'Ba V H Ni', '352593469', '2024-06-04 15:34:44', '2024-06-04 15:34:44'),
(240, '20222385', NULL, NULL, 'Nguyn Vit Phng', NULL, NULL, NULL, NULL, NULL, NULL, NULL, '2004-11-13', 51, NULL, NULL, NULL, NULL, NULL, NULL, '2024-06-04 15:44:01', '2024-06-04 15:44:01'),
(241, '20221498', NULL, NULL, 'Hong Th Tho Vn', NULL, NULL, NULL, NULL, NULL, NULL, NULL, '2003-11-01', 51, NULL, NULL, NULL, NULL, NULL, NULL, '2024-06-04 15:44:01', '2024-06-04 15:44:01'),
(242, '20222399', NULL, NULL, 'Nguyn Tin Dng', NULL, NULL, NULL, NULL, NULL, NULL, NULL, '2004-01-08', 51, NULL, NULL, NULL, NULL, NULL, NULL, '2024-06-04 15:44:01', '2024-06-04 15:44:01'),
(243, '20221173', NULL, NULL, 'Nguyn Hu Vng', NULL, NULL, NULL, NULL, NULL, NULL, NULL, '2004-05-21', 51, NULL, NULL, NULL, NULL, NULL, NULL, '2024-06-04 15:44:01', '2024-06-04 15:44:01'),
(244, '20222454', NULL, NULL, 'Nguyn inh Phng', NULL, NULL, NULL, NULL, NULL, NULL, NULL, '2004-03-20', 51, NULL, NULL, NULL, NULL, NULL, NULL, '2024-06-04 15:44:01', '2024-06-04 15:44:01'),
(245, '20224477', NULL, NULL, 'L Xun Nam', NULL, NULL, NULL, NULL, NULL, NULL, NULL, '2004-11-16', 51, NULL, NULL, NULL, NULL, NULL, NULL, '2024-06-04 15:44:01', '2024-06-04 15:44:01'),
(246, '20222384', NULL, NULL, 'Nguyn Cng Minh', NULL, NULL, NULL, NULL, NULL, NULL, NULL, '2004-02-23', 51, NULL, NULL, NULL, NULL, NULL, NULL, '2024-06-04 15:44:01', '2024-06-04 15:44:01'),
(247, '20222393', NULL, NULL, 'Nguyn Xun Nam', NULL, NULL, NULL, NULL, NULL, NULL, NULL, '2004-11-13', 51, NULL, NULL, NULL, NULL, NULL, NULL, '2024-06-04 15:44:01', '2024-06-04 15:44:01'),
(248, '20222398', NULL, NULL, ' Nht Minh', NULL, NULL, NULL, NULL, NULL, NULL, NULL, '2004-11-16', 51, NULL, NULL, NULL, NULL, NULL, NULL, '2024-06-04 15:44:01', '2024-06-04 15:44:01'),
(249, '20222502', NULL, NULL, 'Nguyn Diu Chi', NULL, NULL, NULL, NULL, NULL, NULL, NULL, '2004-06-26', 51, NULL, NULL, NULL, NULL, NULL, NULL, '2024-06-04 15:44:01', '2024-06-04 15:44:01'),
(250, '20222494', NULL, NULL, 'Phm Tun Anh', NULL, NULL, NULL, NULL, NULL, NULL, NULL, '2004-11-26', 51, NULL, NULL, NULL, NULL, NULL, NULL, '2024-06-04 15:44:01', '2024-06-04 15:44:01'),
(251, '20222621', NULL, NULL, 'Phm c Quyn', NULL, NULL, NULL, NULL, NULL, NULL, NULL, '2004-05-30', 51, NULL, NULL, NULL, NULL, NULL, NULL, '2024-06-04 15:44:01', '2024-06-04 15:44:01'),
(252, '20210794', NULL, NULL, 'Trn Xun H', '20210794@eaut.edu.vn', '$2b$10$TqMXagE6p1q2ESHb2kklxuJ0crXNfK7K7tnE64vgDVNrQv6gaBllC', NULL, '20210794@eaut.edu.vn', NULL, 'eyJhbGciOiJIUzI1NiIsInR5cCI6IkpXVCJ9.eyJpZCI6MjUyLCJyb2xlIjoiVXNlciIsImlhdCI6MTcxNzUxNzUzMSwiZXhwIjoxNzQ5MDUzNTMxfQ.icsMyvoRxQABttM29c43Lr-GwqByA_anS_fM7LrFMu0', NULL, '2004-11-15', 51, NULL, NULL, NULL, NULL, NULL, NULL, '2024-06-04 15:44:01', '2024-06-04 16:12:11'),
(253, '20220886', NULL, NULL, 'Trn Hi An', NULL, NULL, NULL, NULL, NULL, NULL, NULL, '2004-09-23', 51, NULL, NULL, NULL, NULL, NULL, NULL, '2024-06-04 15:44:01', '2024-06-04 15:44:01'),
(254, '20222441', NULL, NULL, 'Nguyn Th Hng Duyn', NULL, NULL, NULL, NULL, NULL, NULL, NULL, '2003-10-13', 51, NULL, NULL, NULL, NULL, NULL, NULL, '2024-06-04 15:44:01', '2024-06-04 15:44:01'),
(255, '20222512', NULL, NULL, 'Bi Vit Trung', NULL, NULL, NULL, NULL, NULL, NULL, NULL, '2003-01-27', 51, NULL, NULL, NULL, NULL, NULL, NULL, '2024-06-04 15:44:01', '2024-06-04 15:44:01'),
(256, '20222602', NULL, NULL, 'T Phng Nam', NULL, NULL, NULL, NULL, NULL, NULL, NULL, '2004-11-11', 51, NULL, NULL, NULL, NULL, NULL, NULL, '2024-06-04 15:44:01', '2024-06-04 15:44:01'),
(257, '20222389', NULL, NULL, 'Nguyn Trng Tnh', NULL, NULL, NULL, NULL, NULL, NULL, NULL, '2004-01-01', 51, NULL, NULL, NULL, NULL, NULL, NULL, '2024-06-04 15:44:01', '2024-06-04 15:44:01'),
(258, '20222397', NULL, NULL, 'Hong Nht Qun', NULL, NULL, NULL, NULL, NULL, NULL, NULL, '2004-02-24', 51, NULL, NULL, NULL, NULL, NULL, NULL, '2024-06-04 15:44:01', '2024-06-04 15:44:01'),
(259, '20222485', NULL, NULL, 'Hong Vn Hiu', NULL, NULL, NULL, NULL, NULL, NULL, NULL, '2004-06-20', 51, NULL, NULL, NULL, NULL, NULL, NULL, '2024-06-04 15:44:01', '2024-06-04 15:44:01'),
(260, '20221337', NULL, NULL, 'Nguyn Ngc Sn', NULL, NULL, NULL, NULL, NULL, NULL, NULL, '2004-03-05', 51, NULL, NULL, NULL, NULL, NULL, NULL, '2024-06-04 15:44:01', '2024-06-04 15:44:01'),
(261, '20222601', NULL, NULL, 'Lng Th Hng nh', NULL, NULL, NULL, NULL, NULL, NULL, NULL, '2004-08-25', 51, NULL, NULL, NULL, NULL, NULL, NULL, '2024-06-04 15:44:01', '2024-06-04 15:44:01'),
(262, '20222368', NULL, NULL, 'Trnh c Khnh', NULL, NULL, NULL, NULL, NULL, NULL, NULL, '2004-09-02', 51, NULL, NULL, NULL, NULL, NULL, NULL, '2024-06-04 15:44:01', '2024-06-04 15:44:01'),
(263, '20222433', NULL, NULL, 'Vng Anh T', NULL, NULL, NULL, NULL, NULL, NULL, NULL, '2004-09-26', 51, NULL, NULL, NULL, NULL, NULL, NULL, '2024-06-04 15:44:01', '2024-06-04 15:44:01'),
(264, '20221171', NULL, NULL, 'o Vn Phc', NULL, NULL, NULL, NULL, NULL, NULL, NULL, '2004-02-26', 51, NULL, NULL, NULL, NULL, NULL, NULL, '2024-06-04 15:44:01', '2024-06-04 15:44:01'),
(265, '20222492', NULL, NULL, 'Hong Tin Huy', NULL, NULL, NULL, NULL, NULL, NULL, NULL, '2004-06-21', 51, NULL, NULL, NULL, NULL, NULL, NULL, '2024-06-04 15:44:01', '2024-06-04 15:44:01'),
(266, '20222582', NULL, NULL, 'Nguyn c Cng', NULL, NULL, NULL, NULL, NULL, NULL, NULL, '2004-01-30', 51, NULL, NULL, NULL, NULL, NULL, NULL, '2024-06-04 15:44:01', '2024-06-04 15:44:01'),
(267, '20222349', NULL, NULL, 'Phan c Anh', NULL, NULL, NULL, NULL, NULL, NULL, NULL, '2004-07-25', 51, NULL, NULL, NULL, NULL, NULL, NULL, '2024-06-04 15:44:01', '2024-06-04 15:44:01'),
(268, '20222411', NULL, NULL, 'L Vn Chuyn', NULL, NULL, NULL, NULL, NULL, NULL, NULL, '2004-03-29', 51, NULL, NULL, NULL, NULL, NULL, NULL, '2024-06-04 15:44:01', '2024-06-04 15:44:01'),
(269, '20222440', NULL, NULL, 'Nguyn Tun Nguyn', NULL, NULL, NULL, NULL, NULL, NULL, NULL, '2004-11-18', 51, NULL, NULL, NULL, NULL, NULL, NULL, '2024-06-04 15:44:01', '2024-06-04 15:44:01'),
(270, '20222450', NULL, NULL, 'Nguyn Duy Nam', NULL, NULL, NULL, NULL, NULL, NULL, NULL, '2004-10-08', 51, NULL, NULL, NULL, NULL, NULL, NULL, '2024-06-04 15:44:01', '2024-06-04 15:44:01'),
(271, '20222539', NULL, NULL, 'Nguyn Ngc Doanh', NULL, NULL, NULL, NULL, NULL, NULL, NULL, '2004-10-21', 51, NULL, NULL, NULL, NULL, NULL, NULL, '2024-06-04 15:44:01', '2024-06-04 15:44:01'),
(272, '20213128', NULL, NULL, 'Phm Anh c', NULL, NULL, NULL, NULL, NULL, NULL, NULL, '2003-11-27', 51, NULL, NULL, NULL, NULL, NULL, NULL, '2024-06-04 15:44:01', '2024-06-04 15:44:01'),
(273, '20222402', NULL, NULL, 'Mc Tin Thnh t', NULL, NULL, NULL, NULL, NULL, NULL, NULL, '2004-09-04', 51, NULL, NULL, NULL, NULL, NULL, NULL, '2024-06-04 15:44:01', '2024-06-04 15:44:01'),
(274, '20220667', NULL, NULL, 'Nguyn Hu Sn', NULL, NULL, NULL, NULL, NULL, NULL, NULL, '2004-11-10', 51, NULL, NULL, NULL, NULL, NULL, NULL, '2024-06-04 15:44:01', '2024-06-04 15:44:01'),
(275, '20220890', NULL, NULL, 'Lu Bo Long', NULL, NULL, NULL, NULL, NULL, NULL, NULL, '2004-08-15', 51, NULL, NULL, NULL, NULL, NULL, NULL, '2024-06-04 15:44:01', '2024-06-04 15:44:01'),
(276, '20222491', NULL, NULL, 'Nguyn Vn An', NULL, NULL, NULL, NULL, NULL, NULL, NULL, '2004-02-05', 51, NULL, NULL, NULL, NULL, NULL, NULL, '2024-06-04 15:44:01', '2024-06-04 15:44:01'),
(277, '20222550', NULL, NULL, 'Nguyn Hoi Nam', NULL, NULL, NULL, NULL, NULL, NULL, NULL, '2004-12-06', 51, NULL, NULL, NULL, NULL, NULL, NULL, '2024-06-04 15:44:01', '2024-06-04 15:44:01'),
(278, '20213201', NULL, NULL, 'Trn Trng Giang', NULL, NULL, NULL, NULL, NULL, NULL, NULL, '2003-10-18', 51, NULL, NULL, NULL, NULL, NULL, NULL, '2024-06-04 15:44:01', '2024-06-04 15:44:01'),
(279, '20222365', NULL, NULL, 'Nguyn Xun Tng', NULL, NULL, NULL, NULL, NULL, NULL, NULL, '2003-07-02', 51, NULL, NULL, NULL, NULL, NULL, NULL, '2024-06-04 15:44:01', '2024-06-04 15:44:01'),
(280, '20222353', NULL, NULL, 'Lm c Mnh', NULL, NULL, NULL, NULL, NULL, NULL, NULL, '2004-03-04', 51, NULL, NULL, NULL, NULL, NULL, NULL, '2024-06-04 15:44:01', '2024-06-04 15:44:01'),
(281, '20222400', NULL, NULL, 'Lm Trng Hng', NULL, NULL, NULL, NULL, NULL, NULL, NULL, '2004-11-24', 51, NULL, NULL, NULL, NULL, NULL, NULL, '2024-06-04 15:44:01', '2024-06-04 15:44:01'),
(282, '20222446', NULL, NULL, 'Trnh Cm Nhung', NULL, NULL, NULL, NULL, NULL, NULL, NULL, '2004-12-25', 51, NULL, NULL, NULL, NULL, NULL, NULL, '2024-06-04 15:44:01', '2024-06-04 15:44:01'),
(283, '20222537', NULL, NULL, 'Nguyn Hu Phc', NULL, NULL, NULL, NULL, NULL, NULL, NULL, '2004-06-19', 51, NULL, NULL, NULL, NULL, NULL, NULL, '2024-06-04 15:44:01', '2024-06-04 15:44:01'),
(284, NULL, NULL, NULL, 'Nguyn c Thin', NULL, NULL, NULL, NULL, NULL, NULL, NULL, NULL, 51, NULL, NULL, NULL, NULL, NULL, NULL, '2024-06-04 15:45:59', '2024-06-04 15:45:59'),
(285, '20222316', NULL, NULL, 'Hong Th Thy', NULL, NULL, 'N', NULL, NULL, NULL, NULL, NULL, 51, NULL, NULL, NULL, NULL, NULL, NULL, '2024-06-04 15:45:59', '2024-06-04 15:45:59'),
(286, '20200113', NULL, NULL, 'L c Vit', NULL, NULL, 'Nam', NULL, NULL, NULL, NULL, NULL, 51, NULL, NULL, NULL, NULL, NULL, NULL, '2024-06-04 15:45:59', '2024-06-04 15:45:59'),
(287, '20200115', NULL, NULL, 'Trn Th Ngc Anh', NULL, NULL, 'N', NULL, NULL, NULL, NULL, NULL, 51, NULL, NULL, NULL, NULL, NULL, NULL, '2024-06-04 15:45:59', '2024-06-04 15:45:59'),
(288, '20200117', NULL, NULL, 'Nguyn c Ha', NULL, NULL, 'Nam', NULL, NULL, NULL, NULL, NULL, 51, NULL, NULL, NULL, NULL, NULL, NULL, '2024-06-04 15:45:59', '2024-06-04 15:45:59'),
(289, '20200122', NULL, NULL, 'Nguyn Anh Vinh', NULL, NULL, 'Nam', NULL, NULL, NULL, NULL, NULL, 51, NULL, NULL, NULL, NULL, NULL, NULL, '2024-06-04 15:45:59', '2024-06-04 15:45:59'),
(290, '20200123', NULL, NULL, 'Hong Minh Tm', NULL, NULL, 'Nam', NULL, NULL, NULL, NULL, NULL, 51, NULL, NULL, NULL, NULL, NULL, NULL, '2024-06-04 15:45:59', '2024-06-04 15:45:59'),
(291, '20201260', NULL, NULL, 'o Vn Hi', NULL, NULL, 'Nam', NULL, NULL, NULL, NULL, NULL, 51, NULL, NULL, NULL, NULL, NULL, NULL, '2024-06-04 15:45:59', '2024-06-04 15:45:59'),
(292, '20201700', NULL, NULL, 'Nguyn c Hong', NULL, NULL, 'Nam', NULL, NULL, NULL, NULL, NULL, 51, NULL, NULL, NULL, NULL, NULL, NULL, '2024-06-04 15:45:59', '2024-06-04 15:45:59'),
(293, '20200892', NULL, NULL, 'Nguyn Mnh Tin', NULL, NULL, 'Nam', NULL, NULL, NULL, NULL, NULL, 51, NULL, NULL, NULL, NULL, NULL, NULL, '2024-06-04 15:45:59', '2024-06-04 15:45:59'),
(294, '20201070', NULL, NULL, 'Ninh Quang H', NULL, NULL, 'Nam', NULL, NULL, NULL, NULL, NULL, 51, NULL, NULL, NULL, NULL, NULL, NULL, '2024-06-04 15:45:59', '2024-06-04 15:45:59'),
(295, '20201078', NULL, NULL, 'Nguyn Vn Ho', NULL, NULL, 'Nam', NULL, NULL, NULL, NULL, NULL, 51, NULL, NULL, NULL, NULL, NULL, NULL, '2024-06-04 15:45:59', '2024-06-04 15:45:59'),
(296, '20201188', NULL, NULL, 'Nguyn Tin Huy', NULL, NULL, 'Nam', NULL, NULL, NULL, NULL, NULL, 51, NULL, NULL, NULL, NULL, NULL, NULL, '2024-06-04 15:45:59', '2024-06-04 15:45:59'),
(297, '20201218', NULL, NULL, 'Nhn c Ton', NULL, NULL, 'Nam', NULL, NULL, NULL, NULL, NULL, 51, NULL, NULL, NULL, NULL, NULL, NULL, '2024-06-04 15:45:59', '2024-06-04 15:45:59'),
(298, '20201237', NULL, NULL, 'Nguyn Trung Hiu', NULL, NULL, 'Nam', NULL, NULL, NULL, NULL, NULL, 51, NULL, NULL, NULL, NULL, NULL, NULL, '2024-06-04 15:45:59', '2024-06-04 15:45:59'),
(299, '20200372', NULL, NULL, 'Nguyn Quc Trung', NULL, NULL, 'Nam', NULL, NULL, NULL, NULL, NULL, 51, NULL, NULL, NULL, NULL, NULL, NULL, '2024-06-04 15:45:59', '2024-06-04 15:45:59'),
(300, '20200453', NULL, NULL, 'Bi Th Huyn', NULL, NULL, 'N', NULL, NULL, NULL, NULL, NULL, 51, NULL, NULL, NULL, NULL, NULL, NULL, '2024-06-04 15:45:59', '2024-06-04 15:45:59'),
(301, '20200545', NULL, NULL, 'Nguyn Thi Hng', NULL, NULL, 'Nam', NULL, NULL, NULL, NULL, NULL, 51, NULL, NULL, NULL, NULL, NULL, NULL, '2024-06-04 15:45:59', '2024-06-04 15:45:59'),
(302, '20200464', NULL, NULL, 'V Th Ngc Mai', NULL, NULL, 'N', NULL, NULL, NULL, NULL, NULL, 51, NULL, NULL, NULL, NULL, NULL, NULL, '2024-06-04 15:45:59', '2024-06-04 15:45:59'),
(303, '20200230', NULL, NULL, 'Nguyn Ngc Lan', NULL, NULL, 'N', NULL, NULL, NULL, NULL, NULL, 51, NULL, NULL, NULL, NULL, NULL, NULL, '2024-06-04 15:45:59', '2024-06-04 15:45:59'),
(304, '20200875', NULL, NULL, 'Nguyn Duy Vng', NULL, NULL, 'Nam', NULL, NULL, NULL, NULL, NULL, 51, NULL, NULL, NULL, NULL, NULL, NULL, '2024-06-04 15:45:59', '2024-06-04 15:45:59'),
(305, '20200355', NULL, NULL, 'Li Vn Hng', NULL, NULL, 'Nam', NULL, NULL, NULL, NULL, NULL, 51, NULL, NULL, NULL, NULL, NULL, NULL, '2024-06-04 15:45:59', '2024-06-04 15:45:59'),
(306, '20200357', NULL, NULL, 'V Duy Hiu', NULL, NULL, 'Nam', NULL, NULL, NULL, NULL, NULL, 51, NULL, NULL, NULL, NULL, NULL, NULL, '2024-06-04 15:45:59', '2024-06-04 15:45:59'),
(307, '20200360', NULL, NULL, 'Dng Th Thi H', NULL, NULL, 'N', NULL, NULL, NULL, NULL, NULL, 51, NULL, NULL, NULL, NULL, NULL, NULL, '2024-06-04 15:45:59', '2024-06-04 15:45:59'),
(308, '20200365', NULL, NULL, 'Thang Quang Li', NULL, NULL, 'Nam', NULL, NULL, NULL, NULL, NULL, 51, NULL, NULL, NULL, NULL, NULL, NULL, '2024-06-04 15:45:59', '2024-06-04 15:45:59'),
(309, '20200368', NULL, NULL, 'V Huy Anh', NULL, NULL, 'Nam', NULL, NULL, NULL, NULL, NULL, 51, NULL, NULL, NULL, NULL, NULL, NULL, '2024-06-04 15:45:59', '2024-06-04 15:45:59'),
(310, '20200369', NULL, NULL, 'Phm V Duy Thi', NULL, NULL, 'Nam', NULL, NULL, NULL, NULL, NULL, 51, NULL, NULL, NULL, NULL, NULL, NULL, '2024-06-04 15:45:59', '2024-06-04 15:45:59'),
(311, '20200146', NULL, NULL, 'Qun Th Thnh', NULL, NULL, 'Nam', NULL, NULL, NULL, NULL, NULL, 51, NULL, NULL, NULL, NULL, NULL, NULL, '2024-06-04 15:45:59', '2024-06-04 15:45:59'),
(312, '20200147', NULL, NULL, 'L An Bnh', NULL, NULL, 'Nam', NULL, NULL, NULL, NULL, NULL, 51, NULL, NULL, NULL, NULL, NULL, NULL, '2024-06-04 15:45:59', '2024-06-04 15:45:59'),
(313, '20200150', NULL, NULL, 'Nguyn Xun c', NULL, NULL, 'Nam', NULL, NULL, NULL, NULL, NULL, 51, NULL, NULL, NULL, NULL, NULL, NULL, '2024-06-04 15:45:59', '2024-06-04 15:45:59'),
(314, '20200155', NULL, NULL, 'Nguyn Mnh Tng', NULL, NULL, 'Nam', NULL, NULL, NULL, NULL, NULL, 51, NULL, NULL, NULL, NULL, NULL, NULL, '2024-06-04 15:45:59', '2024-06-04 15:45:59'),
(315, '20200158', NULL, NULL, 'L Quang Trng', NULL, NULL, 'Nam', NULL, NULL, NULL, NULL, NULL, 51, NULL, NULL, NULL, NULL, NULL, NULL, '2024-06-04 15:46:00', '2024-06-04 15:46:00'),
(316, '20200354', NULL, NULL, 'Nguyn Thanh Tng', NULL, NULL, 'Nam', NULL, NULL, NULL, NULL, NULL, 51, NULL, NULL, NULL, NULL, NULL, NULL, '2024-06-04 15:46:00', '2024-06-04 15:46:00'),
(317, '20200133', NULL, NULL, 'C Vn Tin', NULL, NULL, 'Nam', NULL, NULL, NULL, NULL, NULL, 51, NULL, NULL, NULL, NULL, NULL, NULL, '2024-06-04 15:46:00', '2024-06-04 15:46:00'),
(318, '20200134', NULL, NULL, 'Phan Ngc Nam', NULL, NULL, 'Nam', NULL, NULL, NULL, NULL, NULL, 51, NULL, NULL, NULL, NULL, NULL, NULL, '2024-06-04 15:46:00', '2024-06-04 15:46:00'),
(319, '20200135', NULL, NULL, 'Nguyn Vn Thun', NULL, NULL, 'Nam', NULL, NULL, NULL, NULL, NULL, 51, NULL, NULL, NULL, NULL, NULL, NULL, '2024-06-04 15:46:00', '2024-06-04 15:46:00'),
(320, '20200136', NULL, NULL, 'Nguyn c Ti', NULL, NULL, 'Nam', NULL, NULL, NULL, NULL, NULL, 51, NULL, NULL, NULL, NULL, NULL, NULL, '2024-06-04 15:46:00', '2024-06-04 15:46:00'),
(321, '20200140', NULL, NULL, 'Trn nh Qun', NULL, NULL, 'Nam', NULL, NULL, NULL, NULL, NULL, 51, NULL, NULL, NULL, NULL, NULL, NULL, '2024-06-04 15:46:00', '2024-06-04 15:46:00'),
(322, '20200145', NULL, NULL, ' Vn Nht', NULL, NULL, 'Nam', NULL, NULL, NULL, NULL, NULL, 51, NULL, NULL, NULL, NULL, NULL, NULL, '2024-06-04 15:46:00', '2024-06-04 15:46:00'),
(323, '20200125', NULL, NULL, 'Nguyn Hng Qun', NULL, NULL, 'Nam', NULL, NULL, NULL, NULL, NULL, 51, NULL, NULL, NULL, NULL, NULL, NULL, '2024-06-04 15:46:00', '2024-06-04 15:46:00'),
(324, '20200126', NULL, NULL, 'Phm Anh Tun', NULL, NULL, 'Nam', NULL, NULL, NULL, NULL, NULL, 51, NULL, NULL, NULL, NULL, NULL, NULL, '2024-06-04 15:46:00', '2024-06-04 15:46:00'),
(325, '20200128', NULL, NULL, 'Hong Cng Dng', NULL, NULL, 'Nam', NULL, NULL, NULL, NULL, NULL, 51, NULL, NULL, NULL, NULL, NULL, NULL, '2024-06-04 15:46:00', '2024-06-04 15:46:00'),
(326, '20200129', NULL, NULL, 'Hong c Vinh', NULL, NULL, 'Nam', NULL, NULL, NULL, NULL, NULL, 51, NULL, NULL, NULL, NULL, NULL, NULL, '2024-06-04 15:46:00', '2024-06-04 15:46:00'),
(327, '20200131', NULL, NULL, 'L Hi Long', NULL, NULL, 'Nam', NULL, NULL, NULL, NULL, NULL, 51, NULL, NULL, NULL, NULL, NULL, NULL, '2024-06-04 15:46:00', '2024-06-04 15:46:00'),
(328, '20200132', NULL, NULL, 'C Vn Nguyn', NULL, NULL, 'Nam', NULL, NULL, NULL, NULL, NULL, 51, NULL, NULL, NULL, NULL, NULL, NULL, '2024-06-04 15:46:00', '2024-06-04 15:46:00'),
(329, '197480201157', NULL, NULL, 'L Th Ngc Bch', NULL, NULL, 'N', NULL, NULL, NULL, NULL, NULL, 51, NULL, NULL, NULL, NULL, NULL, NULL, '2024-06-04 15:46:00', '2024-06-04 15:46:00'),
(330, '197480201181', NULL, NULL, 'on nh Kiu', NULL, NULL, 'Nam', NULL, NULL, NULL, NULL, NULL, 51, NULL, NULL, NULL, NULL, NULL, NULL, '2024-06-04 15:46:00', '2024-06-04 15:46:00'),
(331, '197480201248', NULL, NULL, 'Trn Quc Huy', NULL, NULL, 'Nam', NULL, NULL, NULL, NULL, NULL, 51, NULL, NULL, NULL, NULL, NULL, NULL, '2024-06-04 15:46:00', '2024-06-04 15:46:00'),
(332, '197480201289', NULL, NULL, 'Bi Anh Th', NULL, NULL, 'N', NULL, NULL, NULL, NULL, NULL, 51, NULL, NULL, NULL, NULL, NULL, NULL, '2024-06-04 15:46:00', '2024-06-04 15:46:00'),
(333, '197480201294', NULL, NULL, 'Chu Vn Vinh', NULL, NULL, 'Nam', NULL, NULL, NULL, NULL, NULL, 51, NULL, NULL, NULL, NULL, NULL, NULL, '2024-06-04 15:46:00', '2024-06-04 15:46:00');

-- --------------------------------------------------------

--
-- Table structure for table `userinrole`
--

CREATE TABLE `userinrole` (
  `ID` int(11) NOT NULL,
  `UserID` int(11) DEFAULT NULL,
  `RoleID` int(11) DEFAULT NULL
) ENGINE=InnoDB DEFAULT CHARSET=utf8mb4;

--
-- Dumping data for table `userinrole`
--

INSERT INTO `userinrole` (`ID`, `UserID`, `RoleID`) VALUES
(216, 213, 1),
(217, 214, 3),
(218, 215, 3),
(219, 216, 3),
(220, 217, 3),
(221, 218, 3),
(222, 219, 3),
(223, 220, 3),
(224, 221, 3),
(225, 222, 3),
(226, 223, 3),
(227, 224, 3),
(228, 225, 3),
(229, 226, 3),
(230, 227, 3),
(231, 228, 3),
(232, 229, 3),
(233, 230, 3),
(234, 231, 3),
(235, 232, 3),
(236, 233, 3),
(237, 234, 3),
(238, 235, 3),
(239, 236, 3),
(240, 237, 3),
(241, 238, 3),
(242, 239, 3),
(243, 240, 3),
(244, 241, 3),
(245, 242, 3),
(246, 243, 3),
(247, 244, 3),
(248, 245, 3),
(249, 246, 3),
(250, 247, 3),
(251, 248, 3),
(252, 249, 3),
(253, 250, 3),
(254, 251, 3),
(255, 252, 3),
(256, 253, 3),
(257, 254, 3),
(258, 255, 3),
(259, 256, 3),
(260, 257, 3),
(261, 258, 3),
(262, 259, 3),
(263, 260, 3),
(264, 261, 3),
(265, 262, 3),
(266, 263, 3),
(267, 264, 3),
(268, 265, 3),
(269, 266, 3),
(270, 267, 3),
(271, 268, 3),
(272, 269, 3),
(273, 270, 3),
(274, 271, 3),
(275, 272, 3),
(276, 273, 3),
(277, 274, 3),
(278, 275, 3),
(279, 276, 3),
(280, 277, 3),
(281, 278, 3),
(282, 279, 3),
(283, 280, 3),
(284, 281, 3),
(285, 282, 3),
(286, 283, 3),
(287, 284, 2),
(288, 285, 3),
(289, 286, 3),
(290, 287, 3),
(291, 288, 3),
(292, 289, 3),
(293, 290, 3),
(294, 291, 3),
(295, 292, 3),
(296, 293, 3),
(297, 294, 3),
(298, 295, 3),
(299, 296, 3),
(300, 297, 3),
(301, 298, 3),
(302, 299, 3),
(303, 300, 3),
(304, 301, 3),
(305, 302, 3),
(306, 303, 3),
(307, 304, 3),
(308, 305, 3),
(309, 306, 3),
(310, 307, 3),
(311, 308, 3),
(312, 309, 3),
(313, 310, 3),
(314, 311, 3),
(315, 312, 3),
(316, 313, 3),
(317, 314, 3),
(318, 315, 3),
(319, 316, 3),
(320, 317, 3),
(321, 318, 3),
(322, 319, 3),
(323, 320, 3),
(324, 321, 3),
(325, 322, 3),
(326, 323, 3),
(327, 324, 3),
(328, 325, 3),
(329, 326, 3),
(330, 327, 3),
(331, 328, 3),
(332, 329, 3),
(333, 330, 3),
(334, 331, 3),
(335, 332, 3),
(336, 333, 3);

-- --------------------------------------------------------

--
-- Table structure for table `user_activity`
--

CREATE TABLE `user_activity` (
  `ID` int(11) NOT NULL,
  `IDUser` int(11) DEFAULT NULL,
  `IDActive` int(11) DEFAULT NULL
) ENGINE=InnoDB DEFAULT CHARSET=utf8mb4;

-- --------------------------------------------------------

--
-- Table structure for table `user_course`
--

CREATE TABLE `user_course` (
  `ID` int(11) NOT NULL,
  `IDUser` int(11) DEFAULT NULL,
  `IDCourse` int(11) DEFAULT NULL,
  `semester` varchar(255) DEFAULT NULL
) ENGINE=InnoDB DEFAULT CHARSET=utf8mb4;

--
-- Dumping data for table `user_course`
--

INSERT INTO `user_course` (`ID`, `IDUser`, `IDCourse`, `semester`) VALUES
(273, 240, 156, NULL),
(274, 241, 156, NULL),
(275, 242, 156, NULL),
(276, 243, 156, NULL),
(277, 244, 156, NULL),
(278, 245, 156, NULL),
(279, 246, 156, NULL),
(280, 247, 156, NULL),
(281, 248, 156, NULL),
(282, 249, 156, NULL),
(283, 250, 156, NULL),
(284, 251, 156, NULL),
(285, 252, 156, NULL),
(286, 253, 156, NULL),
(287, 254, 156, NULL),
(288, 255, 156, NULL),
(289, 256, 156, NULL),
(290, 257, 156, NULL),
(291, 258, 156, NULL),
(292, 259, 156, NULL),
(293, 260, 156, NULL),
(294, 261, 156, NULL),
(295, 262, 156, NULL),
(296, 263, 156, NULL),
(297, 264, 156, NULL),
(298, 265, 156, NULL),
(299, 266, 156, NULL),
(300, 267, 156, NULL),
(301, 268, 156, NULL),
(302, 269, 156, NULL),
(303, 270, 156, NULL),
(304, 271, 156, NULL),
(305, 272, 156, NULL),
(306, 273, 156, NULL),
(307, 274, 156, NULL),
(308, 275, 156, NULL),
(309, 276, 156, NULL),
(310, 277, 156, NULL),
(311, 278, 156, NULL),
(312, 279, 156, NULL),
(313, 280, 156, NULL),
(314, 281, 156, NULL),
(315, 282, 156, NULL),
(316, 283, 156, NULL),
(317, 284, 148, NULL),
(318, 285, 148, NULL),
(319, 286, 148, NULL),
(320, 287, 148, NULL),
(321, 288, 148, NULL),
(322, 289, 148, NULL),
(323, 290, 148, NULL),
(324, 291, 148, NULL),
(325, 292, 148, NULL),
(326, 293, 148, NULL),
(327, 294, 148, NULL),
(328, 295, 148, NULL),
(329, 296, 148, NULL),
(330, 297, 148, NULL),
(331, 298, 148, NULL),
(332, 299, 148, NULL),
(333, 300, 148, NULL),
(334, 301, 148, NULL),
(335, 302, 148, NULL),
(336, 303, 148, NULL),
(337, 304, 148, NULL),
(338, 305, 148, NULL),
(339, 306, 148, NULL),
(340, 307, 148, NULL),
(341, 308, 148, NULL),
(342, 309, 148, NULL),
(343, 310, 148, NULL),
(344, 311, 148, NULL),
(345, 312, 148, NULL),
(346, 313, 148, NULL),
(347, 314, 148, NULL),
(348, 315, 148, NULL),
(349, 316, 148, NULL),
(350, 317, 148, NULL),
(351, 318, 148, NULL),
(352, 319, 148, NULL),
(353, 320, 148, NULL),
(354, 321, 148, NULL),
(355, 322, 148, NULL),
(356, 323, 148, NULL),
(357, 324, 148, NULL),
(358, 325, 148, NULL),
(359, 326, 148, NULL),
(360, 327, 148, NULL),
(361, 328, 148, NULL),
(362, 329, 148, NULL),
(363, 330, 148, NULL),
(364, 331, 148, NULL),
(365, 332, 148, NULL),
(366, 333, 148, NULL);

-- --------------------------------------------------------

--
-- Table structure for table `user_faculty`
--

CREATE TABLE `user_faculty` (
  `ID` int(11) NOT NULL,
  `IDUser` int(11) DEFAULT NULL,
  `IDFaculty` int(11) DEFAULT NULL
) ENGINE=InnoDB DEFAULT CHARSET=utf8mb4;

--
-- Dumping data for table `user_faculty`
--

INSERT INTO `user_faculty` (`ID`, `IDUser`, `IDFaculty`) VALUES
(102, 215, 73),
(103, 216, 73),
(104, 217, 73),
(105, 218, 73),
(106, 219, 73),
(107, 220, 73),
(108, 221, 73),
(109, 222, 73),
(110, 223, 73),
(111, 224, 73),
(112, 225, 73),
(113, 226, 73),
(114, 227, 73),
(115, 228, 73),
(116, 229, 73),
(117, 230, 73),
(118, 231, 73),
(119, 232, 73),
(120, 233, 73),
(121, 234, 73),
(122, 235, 73),
(123, 236, 73),
(124, 237, 73),
(125, 238, 73),
(126, 239, 73),
(127, 285, 73),
(128, 286, 73),
(129, 287, 73),
(130, 288, 73),
(131, 289, 73),
(132, 290, 73),
(133, 291, 73),
(134, 292, 73),
(135, 293, 73),
(136, 294, 73),
(137, 295, 73),
(138, 296, 73),
(139, 297, 73),
(140, 298, 73),
(141, 299, 73),
(142, 300, 73),
(143, 301, 73),
(144, 302, 73),
(145, 303, 73),
(146, 304, 73),
(147, 305, 73),
(148, 306, 73),
(149, 307, 73),
(150, 308, 73),
(151, 309, 73),
(152, 310, 73),
(153, 311, 73),
(154, 312, 73),
(155, 313, 73),
(156, 314, 73),
(157, 315, 73),
(158, 316, 73),
(159, 317, 73),
(160, 318, 73),
(161, 319, 73),
(162, 320, 73),
(163, 321, 73),
(164, 322, 73),
(165, 323, 73),
(166, 324, 73),
(167, 325, 73),
(168, 326, 73),
(169, 327, 73),
(170, 328, 73),
(171, 329, 73),
(172, 330, 73),
(173, 331, 73),
(174, 332, 73),
(175, 333, 73);

-- --------------------------------------------------------

--
-- Table structure for table `user_reward`
--

CREATE TABLE `user_reward` (
  `ID` int(11) NOT NULL,
  `IDUser` int(11) DEFAULT NULL,
  `IDReward` int(11) DEFAULT NULL,
  `semester` varchar(255) DEFAULT NULL
) ENGINE=InnoDB DEFAULT CHARSET=utf8mb4;

-- --------------------------------------------------------

--
-- Table structure for table `user_studyprogram`
--

CREATE TABLE `user_studyprogram` (
  `ID` int(11) NOT NULL,
  `IDUser` int(11) DEFAULT NULL,
  `IDStudyProgram` int(11) DEFAULT NULL
) ENGINE=InnoDB DEFAULT CHARSET=utf8mb4;

-- --------------------------------------------------------

--
-- Table structure for table `user_warning`
--

CREATE TABLE `user_warning` (
  `IDUser` int(11) NOT NULL,
  `IDWarning` int(11) NOT NULL,
  `CreateAt` timestamp NOT NULL DEFAULT current_timestamp(),
  `UpdateAt` timestamp NOT NULL DEFAULT current_timestamp() ON UPDATE current_timestamp()
) ENGINE=InnoDB DEFAULT CHARSET=utf8mb4;

--
-- Dumping data for table `user_warning`
--

INSERT INTO `user_warning` (`IDUser`, `IDWarning`, `CreateAt`, `UpdateAt`) VALUES
(252, 6, '2024-06-04 16:00:18', '2024-06-04 16:00:18'),
(255, 6, '2024-06-04 16:00:18', '2024-06-04 16:00:18'),
(257, 6, '2024-06-04 16:00:18', '2024-06-04 16:00:18'),
(268, 6, '2024-06-04 16:00:18', '2024-06-04 16:00:18'),
(277, 6, '2024-06-04 16:00:18', '2024-06-04 16:00:18'),
(280, 6, '2024-06-04 16:00:18', '2024-06-04 16:00:18'),
(301, 6, '2024-06-04 16:00:18', '2024-06-04 16:00:18'),
(315, 6, '2024-06-04 16:00:18', '2024-06-04 16:00:18');

-- --------------------------------------------------------

--
-- Table structure for table `warnings`
--

CREATE TABLE `warnings` (
  `ID` int(11) NOT NULL,
  `NameWarning` varchar(255) DEFAULT NULL,
  `SBN` int(11) DEFAULT NULL,
  `TTHP` varchar(255) DEFAULT NULL,
  `STC_NO` int(11) DEFAULT NULL,
  `GPA` float DEFAULT NULL,
  `LevelWarning` int(11) DEFAULT NULL,
  `ContentWarning` text DEFAULT NULL,
  `Author` int(11) DEFAULT NULL,
  `CreateAt` timestamp NOT NULL DEFAULT current_timestamp(),
  `UpdateAt` timestamp NOT NULL DEFAULT current_timestamp() ON UPDATE current_timestamp()
) ENGINE=InnoDB DEFAULT CHARSET=utf8mb4;

--
-- Dumping data for table `warnings`
--

INSERT INTO `warnings` (`ID`, `NameWarning`, `SBN`, `TTHP`, `STC_NO`, `GPA`, `LevelWarning`, `ContentWarning`, `Author`, `CreateAt`, `UpdateAt`) VALUES
(6, 'mc 1', 3, ' hc ph', 3, 5, 10, '<p>alo 123</p>', 213, '2024-06-04 15:49:53', '2024-06-04 15:49:53');

--
-- Indexes for dumped tables
--

--
-- Indexes for table `activity`
--
ALTER TABLE `activity`
  ADD PRIMARY KEY (`ID`);

--
-- Indexes for table `article`
--
ALTER TABLE `article`
  ADD PRIMARY KEY (`id`),
  ADD KEY `categoryId` (`categoryId`),
  ADD KEY `userId` (`userId`);

--
-- Indexes for table `articlecategory`
--
ALTER TABLE `articlecategory`
  ADD PRIMARY KEY (`id`);

--
-- Indexes for table `attendance`
--
ALTER TABLE `attendance`
  ADD PRIMARY KEY (`ID`),
  ADD KEY `IDStudent` (`IDStudent`),
  ADD KEY `IDTeacher` (`IDTeacher`),
  ADD KEY `IDCourse` (`IDCourse`);

--
-- Indexes for table `blockknowledge`
--
ALTER TABLE `blockknowledge`
  ADD PRIMARY KEY (`ID`),
  ADD KEY `IDStudyProgram` (`IDStudyProgram`);

--
-- Indexes for table `class`
--
ALTER TABLE `class`
  ADD PRIMARY KEY (`ID`),
  ADD UNIQUE KEY `NameClass` (`NameClass`),
  ADD KEY `fk_IDFaculty` (`IDFaculty`);

--
-- Indexes for table `class_course`
--
ALTER TABLE `class_course`
  ADD KEY `IDCourse` (`IDCourse`),
  ADD KEY `IDClass` (`IDClass`);

--
-- Indexes for table `codecourseprerequisite`
--
ALTER TABLE `codecourseprerequisite`
  ADD KEY `IDCourse` (`IDCourse`);

--
-- Indexes for table `course`
--
ALTER TABLE `course`
  ADD PRIMARY KEY (`ID`),
  ADD UNIQUE KEY `NameCourse` (`NameCourse`),
  ADD KEY `IDBlockKnowledge` (`IDBlockKnowledge`);

--
-- Indexes for table `course_documentlibrary`
--
ALTER TABLE `course_documentlibrary`
  ADD PRIMARY KEY (`IDCourse`,`IDDocumentLibrary`),
  ADD KEY `IDDocumentLibrary` (`IDDocumentLibrary`);

--
-- Indexes for table `course_studyprogram`
--
ALTER TABLE `course_studyprogram`
  ADD PRIMARY KEY (`IDCourse`,`IDStudyProgram`),
  ADD KEY `IDStudyProgram` (`IDStudyProgram`);

--
-- Indexes for table `documentlibrary`
--
ALTER TABLE `documentlibrary`
  ADD PRIMARY KEY (`ID`);

--
-- Indexes for table `equivalent`
--
ALTER TABLE `equivalent`
  ADD KEY `IDStudyProgram` (`IDStudyProgram`);

--
-- Indexes for table `faculty`
--
ALTER TABLE `faculty`
  ADD PRIMARY KEY (`ID`);

--
-- Indexes for table `function`
--
ALTER TABLE `function`
  ADD PRIMARY KEY (`ID`),
  ADD KEY `ModuleID` (`ModuleID`);

--
-- Indexes for table `functioninrole`
--
ALTER TABLE `functioninrole`
  ADD PRIMARY KEY (`ID`),
  ADD KEY `FunctionID` (`FunctionID`),
  ADD KEY `RoleID` (`RoleID`);

--
-- Indexes for table `jobposition`
--
ALTER TABLE `jobposition`
  ADD KEY `IDStudyProgram` (`IDStudyProgram`);

--
-- Indexes for table `module`
--
ALTER TABLE `module`
  ADD PRIMARY KEY (`ID`);

--
-- Indexes for table `point`
--
ALTER TABLE `point`
  ADD PRIMARY KEY (`ID`),
  ADD KEY `IDUser` (`IDUser`),
  ADD KEY `IDCourse` (`IDCourse`);

--
-- Indexes for table `relatives`
--
ALTER TABLE `relatives`
  ADD PRIMARY KEY (`id`,`studentId`),
  ADD KEY `studentId` (`studentId`);

--
-- Indexes for table `reward`
--
ALTER TABLE `reward`
  ADD PRIMARY KEY (`ID`);

--
-- Indexes for table `role`
--
ALTER TABLE `role`
  ADD PRIMARY KEY (`ID`);

--
-- Indexes for table `studyprogram`
--
ALTER TABLE `studyprogram`
  ADD PRIMARY KEY (`ID`),
  ADD KEY `IdFaculty` (`IdFaculty`);

--
-- Indexes for table `user`
--
ALTER TABLE `user`
  ADD PRIMARY KEY (`ID`),
  ADD UNIQUE KEY `Msv` (`Msv`),
  ADD KEY `FK_user_class` (`IDClass`);

--
-- Indexes for table `userinrole`
--
ALTER TABLE `userinrole`
  ADD PRIMARY KEY (`ID`),
  ADD KEY `UserID` (`UserID`),
  ADD KEY `RoleID` (`RoleID`);

--
-- Indexes for table `user_activity`
--
ALTER TABLE `user_activity`
  ADD PRIMARY KEY (`ID`),
  ADD KEY `IDUser` (`IDUser`),
  ADD KEY `IDActive` (`IDActive`);

--
-- Indexes for table `user_course`
--
ALTER TABLE `user_course`
  ADD PRIMARY KEY (`ID`),
  ADD KEY `IDUser` (`IDUser`),
  ADD KEY `IDCourse` (`IDCourse`);

--
-- Indexes for table `user_faculty`
--
ALTER TABLE `user_faculty`
  ADD PRIMARY KEY (`ID`),
  ADD KEY `IDUser` (`IDUser`),
  ADD KEY `IDFaculty` (`IDFaculty`);

--
-- Indexes for table `user_reward`
--
ALTER TABLE `user_reward`
  ADD PRIMARY KEY (`ID`),
  ADD KEY `IDUser` (`IDUser`),
  ADD KEY `IDReward` (`IDReward`);

--
-- Indexes for table `user_studyprogram`
--
ALTER TABLE `user_studyprogram`
  ADD PRIMARY KEY (`ID`),
  ADD KEY `IDUser` (`IDUser`),
  ADD KEY `IDStudyProgram` (`IDStudyProgram`);

--
-- Indexes for table `user_warning`
--
ALTER TABLE `user_warning`
  ADD PRIMARY KEY (`IDUser`,`IDWarning`),
  ADD KEY `IDWarning` (`IDWarning`);

--
-- Indexes for table `warnings`
--
ALTER TABLE `warnings`
  ADD PRIMARY KEY (`ID`);

--
-- AUTO_INCREMENT for dumped tables
--

--
-- AUTO_INCREMENT for table `activity`
--
ALTER TABLE `activity`
  MODIFY `ID` int(11) NOT NULL AUTO_INCREMENT;

--
-- AUTO_INCREMENT for table `article`
--
ALTER TABLE `article`
  MODIFY `id` int(11) NOT NULL AUTO_INCREMENT;

--
-- AUTO_INCREMENT for table `articlecategory`
--
ALTER TABLE `articlecategory`
  MODIFY `id` int(11) NOT NULL AUTO_INCREMENT;

--
-- AUTO_INCREMENT for table `attendance`
--
ALTER TABLE `attendance`
  MODIFY `ID` int(11) NOT NULL AUTO_INCREMENT, AUTO_INCREMENT=2046;

--
-- AUTO_INCREMENT for table `blockknowledge`
--
ALTER TABLE `blockknowledge`
  MODIFY `ID` int(11) NOT NULL AUTO_INCREMENT, AUTO_INCREMENT=70;

--
-- AUTO_INCREMENT for table `class`
--
ALTER TABLE `class`
  MODIFY `ID` int(11) NOT NULL AUTO_INCREMENT, AUTO_INCREMENT=88;

--
-- AUTO_INCREMENT for table `course`
--
ALTER TABLE `course`
  MODIFY `ID` int(11) NOT NULL AUTO_INCREMENT, AUTO_INCREMENT=163;

--
-- AUTO_INCREMENT for table `documentlibrary`
--
ALTER TABLE `documentlibrary`
  MODIFY `ID` int(11) NOT NULL AUTO_INCREMENT;

--
-- AUTO_INCREMENT for table `faculty`
--
ALTER TABLE `faculty`
  MODIFY `ID` int(11) NOT NULL AUTO_INCREMENT, AUTO_INCREMENT=94;

--
-- AUTO_INCREMENT for table `function`
--
ALTER TABLE `function`
  MODIFY `ID` int(11) NOT NULL AUTO_INCREMENT;

--
-- AUTO_INCREMENT for table `functioninrole`
--
ALTER TABLE `functioninrole`
  MODIFY `ID` int(11) NOT NULL AUTO_INCREMENT;

--
-- AUTO_INCREMENT for table `module`
--
ALTER TABLE `module`
  MODIFY `ID` int(11) NOT NULL AUTO_INCREMENT;

--
-- AUTO_INCREMENT for table `point`
--
ALTER TABLE `point`
  MODIFY `ID` int(11) NOT NULL AUTO_INCREMENT, AUTO_INCREMENT=172;

--
-- AUTO_INCREMENT for table `relatives`
--
ALTER TABLE `relatives`
  MODIFY `id` int(11) NOT NULL AUTO_INCREMENT, AUTO_INCREMENT=71;

--
-- AUTO_INCREMENT for table `reward`
--
ALTER TABLE `reward`
  MODIFY `ID` int(11) NOT NULL AUTO_INCREMENT;

--
-- AUTO_INCREMENT for table `role`
--
ALTER TABLE `role`
  MODIFY `ID` int(11) NOT NULL AUTO_INCREMENT, AUTO_INCREMENT=5;

--
-- AUTO_INCREMENT for table `studyprogram`
--
ALTER TABLE `studyprogram`
  MODIFY `ID` int(11) NOT NULL AUTO_INCREMENT, AUTO_INCREMENT=5;

--
-- AUTO_INCREMENT for table `user`
--
ALTER TABLE `user`
  MODIFY `ID` int(11) NOT NULL AUTO_INCREMENT, AUTO_INCREMENT=334;

--
-- AUTO_INCREMENT for table `userinrole`
--
ALTER TABLE `userinrole`
  MODIFY `ID` int(11) NOT NULL AUTO_INCREMENT, AUTO_INCREMENT=337;

--
-- AUTO_INCREMENT for table `user_activity`
--
ALTER TABLE `user_activity`
  MODIFY `ID` int(11) NOT NULL AUTO_INCREMENT;

--
-- AUTO_INCREMENT for table `user_course`
--
ALTER TABLE `user_course`
  MODIFY `ID` int(11) NOT NULL AUTO_INCREMENT, AUTO_INCREMENT=367;

--
-- AUTO_INCREMENT for table `user_faculty`
--
ALTER TABLE `user_faculty`
  MODIFY `ID` int(11) NOT NULL AUTO_INCREMENT, AUTO_INCREMENT=176;

--
-- AUTO_INCREMENT for table `user_reward`
--
ALTER TABLE `user_reward`
  MODIFY `ID` int(11) NOT NULL AUTO_INCREMENT;

--
-- AUTO_INCREMENT for table `user_studyprogram`
--
ALTER TABLE `user_studyprogram`
  MODIFY `ID` int(11) NOT NULL AUTO_INCREMENT;

--
-- AUTO_INCREMENT for table `warnings`
--
ALTER TABLE `warnings`
  MODIFY `ID` int(11) NOT NULL AUTO_INCREMENT, AUTO_INCREMENT=7;

--
-- Constraints for dumped tables
--

--
-- Constraints for table `article`
--
ALTER TABLE `article`
  ADD CONSTRAINT `article_ibfk_1` FOREIGN KEY (`categoryId`) REFERENCES `articlecategory` (`id`),
  ADD CONSTRAINT `article_ibfk_2` FOREIGN KEY (`userId`) REFERENCES `user` (`ID`);

--
-- Constraints for table `attendance`
--
ALTER TABLE `attendance`
  ADD CONSTRAINT `attendance_ibfk_1` FOREIGN KEY (`IDStudent`) REFERENCES `user` (`ID`),
  ADD CONSTRAINT `attendance_ibfk_2` FOREIGN KEY (`IDTeacher`) REFERENCES `user` (`ID`),
  ADD CONSTRAINT `attendance_ibfk_3` FOREIGN KEY (`IDCourse`) REFERENCES `course` (`ID`);

--
-- Constraints for table `blockknowledge`
--
ALTER TABLE `blockknowledge`
  ADD CONSTRAINT `blockknowledge_ibfk_1` FOREIGN KEY (`IDStudyProgram`) REFERENCES `studyprogram` (`ID`);

--
-- Constraints for table `class`
--
ALTER TABLE `class`
  ADD CONSTRAINT `fk_IDFaculty` FOREIGN KEY (`IDFaculty`) REFERENCES `faculty` (`ID`);

--
-- Constraints for table `class_course`
--
ALTER TABLE `class_course`
  ADD CONSTRAINT `class_course_ibfk_1` FOREIGN KEY (`IDCourse`) REFERENCES `course` (`ID`),
  ADD CONSTRAINT `class_course_ibfk_2` FOREIGN KEY (`IDClass`) REFERENCES `class` (`ID`);

--
-- Constraints for table `codecourseprerequisite`
--
ALTER TABLE `codecourseprerequisite`
  ADD CONSTRAINT `codecourseprerequisite_ibfk_1` FOREIGN KEY (`IDCourse`) REFERENCES `course` (`ID`);

--
-- Constraints for table `course`
--
ALTER TABLE `course`
  ADD CONSTRAINT `course_ibfk_1` FOREIGN KEY (`IDBlockKnowledge`) REFERENCES `blockknowledge` (`ID`);

--
-- Constraints for table `course_documentlibrary`
--
ALTER TABLE `course_documentlibrary`
  ADD CONSTRAINT `course_documentlibrary_ibfk_1` FOREIGN KEY (`IDCourse`) REFERENCES `course` (`ID`),
  ADD CONSTRAINT `course_documentlibrary_ibfk_2` FOREIGN KEY (`IDDocumentLibrary`) REFERENCES `documentlibrary` (`ID`);

--
-- Constraints for table `course_studyprogram`
--
ALTER TABLE `course_studyprogram`
  ADD CONSTRAINT `course_studyprogram_ibfk_1` FOREIGN KEY (`IDCourse`) REFERENCES `course` (`ID`),
  ADD CONSTRAINT `course_studyprogram_ibfk_2` FOREIGN KEY (`IDStudyProgram`) REFERENCES `studyprogram` (`ID`);

--
-- Constraints for table `equivalent`
--
ALTER TABLE `equivalent`
  ADD CONSTRAINT `equivalent_ibfk_1` FOREIGN KEY (`IDStudyProgram`) REFERENCES `studyprogram` (`ID`);

--
-- Constraints for table `function`
--
ALTER TABLE `function`
  ADD CONSTRAINT `function_ibfk_1` FOREIGN KEY (`ModuleID`) REFERENCES `module` (`ID`);

--
-- Constraints for table `functioninrole`
--
ALTER TABLE `functioninrole`
  ADD CONSTRAINT `functioninrole_ibfk_1` FOREIGN KEY (`FunctionID`) REFERENCES `function` (`ID`),
  ADD CONSTRAINT `functioninrole_ibfk_2` FOREIGN KEY (`RoleID`) REFERENCES `role` (`ID`);

--
-- Constraints for table `jobposition`
--
ALTER TABLE `jobposition`
  ADD CONSTRAINT `jobposition_ibfk_1` FOREIGN KEY (`IDStudyProgram`) REFERENCES `studyprogram` (`ID`);

--
-- Constraints for table `point`
--
ALTER TABLE `point`
  ADD CONSTRAINT `point_ibfk_1` FOREIGN KEY (`IDUser`) REFERENCES `user` (`ID`),
  ADD CONSTRAINT `point_ibfk_2` FOREIGN KEY (`IDCourse`) REFERENCES `course` (`ID`);

--
-- Constraints for table `relatives`
--
ALTER TABLE `relatives`
  ADD CONSTRAINT `relatives_ibfk_1` FOREIGN KEY (`studentId`) REFERENCES `user` (`ID`);

--
-- Constraints for table `studyprogram`
--
ALTER TABLE `studyprogram`
  ADD CONSTRAINT `studyprogram_ibfk_1` FOREIGN KEY (`IdFaculty`) REFERENCES `faculty` (`ID`);

--
-- Constraints for table `user`
--
ALTER TABLE `user`
  ADD CONSTRAINT `FK_user_class` FOREIGN KEY (`IDClass`) REFERENCES `class` (`ID`);

--
-- Constraints for table `userinrole`
--
ALTER TABLE `userinrole`
  ADD CONSTRAINT `userinrole_ibfk_1` FOREIGN KEY (`UserID`) REFERENCES `user` (`ID`),
  ADD CONSTRAINT `userinrole_ibfk_2` FOREIGN KEY (`RoleID`) REFERENCES `role` (`ID`);

--
-- Constraints for table `user_activity`
--
ALTER TABLE `user_activity`
  ADD CONSTRAINT `user_activity_ibfk_1` FOREIGN KEY (`IDUser`) REFERENCES `user` (`ID`),
  ADD CONSTRAINT `user_activity_ibfk_2` FOREIGN KEY (`IDActive`) REFERENCES `activity` (`ID`);

--
-- Constraints for table `user_course`
--
ALTER TABLE `user_course`
  ADD CONSTRAINT `user_course_ibfk_1` FOREIGN KEY (`IDUser`) REFERENCES `user` (`ID`),
  ADD CONSTRAINT `user_course_ibfk_2` FOREIGN KEY (`IDCourse`) REFERENCES `course` (`ID`);

--
-- Constraints for table `user_faculty`
--
ALTER TABLE `user_faculty`
  ADD CONSTRAINT `user_faculty_ibfk_1` FOREIGN KEY (`IDUser`) REFERENCES `user` (`ID`),
  ADD CONSTRAINT `user_faculty_ibfk_2` FOREIGN KEY (`IDFaculty`) REFERENCES `faculty` (`ID`);

--
-- Constraints for table `user_reward`
--
ALTER TABLE `user_reward`
  ADD CONSTRAINT `user_reward_ibfk_1` FOREIGN KEY (`IDUser`) REFERENCES `user` (`ID`),
  ADD CONSTRAINT `user_reward_ibfk_2` FOREIGN KEY (`IDReward`) REFERENCES `reward` (`ID`);

--
-- Constraints for table `user_studyprogram`
--
ALTER TABLE `user_studyprogram`
  ADD CONSTRAINT `user_studyprogram_ibfk_1` FOREIGN KEY (`IDUser`) REFERENCES `user` (`ID`),
  ADD CONSTRAINT `user_studyprogram_ibfk_2` FOREIGN KEY (`IDStudyProgram`) REFERENCES `studyprogram` (`ID`);

--
-- Constraints for table `user_warning`
--
ALTER TABLE `user_warning`
  ADD CONSTRAINT `user_warning_ibfk_1` FOREIGN KEY (`IDUser`) REFERENCES `user` (`ID`),
  ADD CONSTRAINT `user_warning_ibfk_2` FOREIGN KEY (`IDWarning`) REFERENCES `warnings` (`ID`);
COMMIT;

/*!40101 SET CHARACTER_SET_CLIENT=@OLD_CHARACTER_SET_CLIENT */;
/*!40101 SET CHARACTER_SET_RESULTS=@OLD_CHARACTER_SET_RESULTS */;
/*!40101 SET COLLATION_CONNECTION=@OLD_COLLATION_CONNECTION */;
